-- phpMyAdmin SQL Dump
-- version 5.2.0
-- https://www.phpmyadmin.net/
--
-- Host: 127.0.0.1
-- Waktu pembuatan: 27 Jun 2025 pada 11.04
-- Versi server: 10.4.24-MariaDB
-- Versi PHP: 7.4.29

SET SQL_MODE = "NO_AUTO_VALUE_ON_ZERO";
START TRANSACTION;
SET time_zone = "+00:00";


/*!40101 SET @OLD_CHARACTER_SET_CLIENT=@@CHARACTER_SET_CLIENT */;
/*!40101 SET @OLD_CHARACTER_SET_RESULTS=@@CHARACTER_SET_RESULTS */;
/*!40101 SET @OLD_COLLATION_CONNECTION=@@COLLATION_CONNECTION */;
/*!40101 SET NAMES utf8mb4 */;

--
-- Database: `ecommerce`
--

-- --------------------------------------------------------

--
-- Struktur dari tabel `ci_sessions`
--

CREATE TABLE `ci_sessions` (
  `id` varchar(128) NOT NULL,
  `ip_address` varchar(45) NOT NULL,
  `timestamp` int(10) UNSIGNED NOT NULL DEFAULT 0,
  `data` blob NOT NULL
) ENGINE=InnoDB DEFAULT CHARSET=utf8mb4;

--
-- Dumping data untuk tabel `ci_sessions`
--

INSERT INTO `ci_sessions` (`id`, `ip_address`, `timestamp`, `data`) VALUES
('hl55q5lfp9n062v0jrslgk3tg26b1oo2', '::1', 1750920888, 0x5f5f63695f6c6173745f726567656e65726174657c693a313735303932303838383b5f5f4143544956455f53455353494f4e5f444154417c733a3235363a22353862646162386665333764316561643635393734323734313564613331333564363831383237376436653134373562623632366661396337616335373561616535326361353830343636373734633365653164646335316134326164353662663537636337343336316338653930353937666630656561383530393635643178545279354d474c64464c4d3835344f4958764358416a66724d31792f2b415275355a63644175696c7a4951564b57483031794655535037786a68365130587933432f664772474d76775566636733756b654e504b704d4f7a3847724f524a654f776947646a58306430494f56337a6a683376687150486b6b666a7674723969223b),
('hbafsbstjnhnf4g79ih2ht9ghu1vc90b', '::1', 1750915875, 0x5f5f63695f6c6173745f726567656e65726174657c693a313735303931353837353b5f5f4143544956455f53455353494f4e5f444154417c733a3235363a226339313238363636363462633062393739383764646531353763663162653930313762646165333334306364346165323033383330336534373238333162383261336238316239656233386430306537306439366564613635643330663635396465633832333565376237663238366335613962646263636265313139636331773572574463524b376170665a434c5936497050716f527857753838447a4d7968474353364261383372706d57517234367a757a4c57496f4a6331713657726b4750494777326c7036714d4b466f476650755661566a447a6865473733455868556145356b653338774f744b7653474c57627637574f4e754f736f596a6c7464223b),
('rtteeenm3mngp8c0vghh5a1sv6t4sa7c', '::1', 1750916188, 0x5f5f63695f6c6173745f726567656e65726174657c693a313735303931363138383b5f5f4143544956455f53455353494f4e5f444154417c733a3235363a226339313238363636363462633062393739383764646531353763663162653930313762646165333334306364346165323033383330336534373238333162383261336238316239656233386430306537306439366564613635643330663635396465633832333565376237663238366335613962646263636265313139636331773572574463524b376170665a434c5936497050716f527857753838447a4d7968474353364261383372706d57517234367a757a4c57496f4a6331713657726b4750494777326c7036714d4b466f476650755661566a447a6865473733455868556145356b653338774f744b7653474c57627637574f4e754f736f596a6c7464223b),
('j17gn0rg0shvrbr5b8u9n9s5l499p94h', '::1', 1750916564, 0x5f5f63695f6c6173745f726567656e65726174657c693a313735303931363536343b5f5f4143544956455f53455353494f4e5f444154417c733a3235363a223865616665646533306232366430386161383335643335386638643939366364356535663334353865346237343265393364393262373266373632643534323063333663306661393337303233356539346463663135656430303532613038366565663535303835343838613661666262353531303064386566666662376331474e6e6447396e3268514b6d7543694b5259452b70676450364d44512b77554f336c6777554157455837526439443053795445717a577232526b74786c77754c7752537858336e416834785167796470442b4b664d656258755533466346314e55744b484d4f7568626946516f344e464c5a4156304f596c4b6256533845717a223b),
('ng44f9q7hm2pcmok0g1uhb92f26luak5', '::1', 1750916950, 0x5f5f63695f6c6173745f726567656e65726174657c693a313735303931363935303b5f5f4143544956455f53455353494f4e5f444154417c733a3235363a223865616665646533306232366430386161383335643335386638643939366364356535663334353865346237343265393364393262373266373632643534323063333663306661393337303233356539346463663135656430303532613038366565663535303835343838613661666262353531303064386566666662376331474e6e6447396e3268514b6d7543694b5259452b70676450364d44512b77554f336c6777554157455837526439443053795445717a577232526b74786c77754c7752537858336e416834785167796470442b4b664d656258755533466346314e55744b484d4f7568626946516f344e464c5a4156304f596c4b6256533845717a223b),
('p5v54opctj52qp40v8aqluiu9ss7vv87', '::1', 1750917297, 0x5f5f63695f6c6173745f726567656e65726174657c693a313735303931373239373b5f5f4143544956455f53455353494f4e5f444154417c733a3235363a223865616665646533306232366430386161383335643335386638643939366364356535663334353865346237343265393364393262373266373632643534323063333663306661393337303233356539346463663135656430303532613038366565663535303835343838613661666262353531303064386566666662376331474e6e6447396e3268514b6d7543694b5259452b70676450364d44512b77554f336c6777554157455837526439443053795445717a577232526b74786c77754c7752537858336e416834785167796470442b4b664d656258755533466346314e55744b484d4f7568626946516f344e464c5a4156304f596c4b6256533845717a223b),
('g871c43vkt63ti9kbiotk2jrqcc99did', '::1', 1750917757, 0x5f5f63695f6c6173745f726567656e65726174657c693a313735303931373735373b5f5f4143544956455f53455353494f4e5f444154417c733a3235363a223865616665646533306232366430386161383335643335386638643939366364356535663334353865346237343265393364393262373266373632643534323063333663306661393337303233356539346463663135656430303532613038366565663535303835343838613661666262353531303064386566666662376331474e6e6447396e3268514b6d7543694b5259452b70676450364d44512b77554f336c6777554157455837526439443053795445717a577232526b74786c77754c7752537858336e416834785167796470442b4b664d656258755533466346314e55744b484d4f7568626946516f344e464c5a4156304f596c4b6256533845717a223b),
('s6353fk2lcipssqhk9m11b7i65dl7ij6', '::1', 1750918568, 0x5f5f63695f6c6173745f726567656e65726174657c693a313735303931383536383b5f5f4143544956455f53455353494f4e5f444154417c733a3235363a223865616665646533306232366430386161383335643335386638643939366364356535663334353865346237343265393364393262373266373632643534323063333663306661393337303233356539346463663135656430303532613038366565663535303835343838613661666262353531303064386566666662376331474e6e6447396e3268514b6d7543694b5259452b70676450364d44512b77554f336c6777554157455837526439443053795445717a577232526b74786c77754c7752537858336e416834785167796470442b4b664d656258755533466346314e55744b484d4f7568626946516f344e464c5a4156304f596c4b6256533845717a223b),
('qqie7umtndjps0umcov63857pqdarm10', '::1', 1750919027, 0x5f5f63695f6c6173745f726567656e65726174657c693a313735303931393032373b5f5f4143544956455f53455353494f4e5f444154417c733a3235363a223865346333656537366333393130633432393831356563643730353465323730646232376562306364386239343539666665653464306330643238303938373438666537663631663766336561623538343539346430383930333337663734346465333363383862613936323837376638313861656363386339376262653536732f714455576d4766476a52634630344a55516236316b4e426763784d777659634f586131527a77717443586c464a394c453564565734394c677a3752452b6831336c3953413977687a7672674d695848564c3868574c5030363944444e4434694c6e30695a306e59417941694f505852535642327a70492f49695759585647223b),
('v36isotqitemijd37uv0akpk9dun3pbu', '::1', 1750919350, 0x5f5f63695f6c6173745f726567656e65726174657c693a313735303931393335303b5f5f4143544956455f53455353494f4e5f444154417c733a3235363a223865346333656537366333393130633432393831356563643730353465323730646232376562306364386239343539666665653464306330643238303938373438666537663631663766336561623538343539346430383930333337663734346465333363383862613936323837376638313861656363386339376262653536732f714455576d4766476a52634630344a55516236316b4e426763784d777659634f586131527a77717443586c464a394c453564565734394c677a3752452b6831336c3953413977687a7672674d695848564c3868574c5030363944444e4434694c6e30695a306e59417941694f505852535642327a70492f49695759585647223b),
('242bkuroaurc5up49t2smnln515s2os4', '::1', 1750920288, 0x5f5f63695f6c6173745f726567656e65726174657c693a313735303932303238383b5f5f4143544956455f53455353494f4e5f444154417c733a3235363a223865346333656537366333393130633432393831356563643730353465323730646232376562306364386239343539666665653464306330643238303938373438666537663631663766336561623538343539346430383930333337663734346465333363383862613936323837376638313861656363386339376262653536732f714455576d4766476a52634630344a55516236316b4e426763784d777659634f586131527a77717443586c464a394c453564565734394c677a3752452b6831336c3953413977687a7672674d695848564c3868574c5030363944444e4434694c6e30695a306e59417941694f505852535642327a70492f49695759585647223b),
('v5r8o2t161op62antl752kp55hfolm8l', '::1', 1750921473, 0x5f5f63695f6c6173745f726567656e65726174657c693a313735303932313437333b5f5f4143544956455f53455353494f4e5f444154417c733a3235363a223865346333656537366333393130633432393831356563643730353465323730646232376562306364386239343539666665653464306330643238303938373438666537663631663766336561623538343539346430383930333337663734346465333363383862613936323837376638313861656363386339376262653536732f714455576d4766476a52634630344a55516236316b4e426763784d777659634f586131527a77717443586c464a394c453564565734394c677a3752452b6831336c3953413977687a7672674d695848564c3868574c5030363944444e4434694c6e30695a306e59417941694f505852535642327a70492f49695759585647223b),
('9h65nnl5a07va778hoaqiup7nfms67hm', '::1', 1750921195, 0x5f5f63695f6c6173745f726567656e65726174657c693a313735303932313139353b5f5f4143544956455f53455353494f4e5f444154417c733a3235363a22353862646162386665333764316561643635393734323734313564613331333564363831383237376436653134373562623632366661396337616335373561616535326361353830343636373734633365653164646335316134326164353662663537636337343336316338653930353937666630656561383530393635643178545279354d474c64464c4d3835344f4958764358416a66724d31792f2b415275355a63644175696c7a4951564b57483031794655535037786a68365130587933432f664772474d76775566636733756b654e504b704d4f7a3847724f524a654f776947646a58306430494f56337a6a683376687150486b6b666a7674723969223b),
('nevc3ast5bcinoateiu3oat5jb068jc9', '::1', 1750922421, 0x5f5f63695f6c6173745f726567656e65726174657c693a313735303932323432313b5f5f4143544956455f53455353494f4e5f444154417c733a3235363a22353862646162386665333764316561643635393734323734313564613331333564363831383237376436653134373562623632366661396337616335373561616535326361353830343636373734633365653164646335316134326164353662663537636337343336316338653930353937666630656561383530393635643178545279354d474c64464c4d3835344f4958764358416a66724d31792f2b415275355a63644175696c7a4951564b57483031794655535037786a68365130587933432f664772474d76775566636733756b654e504b704d4f7a3847724f524a654f776947646a58306430494f56337a6a683376687150486b6b666a7674723969223b),
('18cegthpvm67irlc7m7n9dirt0j6uump', '::1', 1750921774, 0x5f5f63695f6c6173745f726567656e65726174657c693a313735303932313737343b5f5f4143544956455f53455353494f4e5f444154417c733a3235363a223865346333656537366333393130633432393831356563643730353465323730646232376562306364386239343539666665653464306330643238303938373438666537663631663766336561623538343539346430383930333337663734346465333363383862613936323837376638313861656363386339376262653536732f714455576d4766476a52634630344a55516236316b4e426763784d777659634f586131527a77717443586c464a394c453564565734394c677a3752452b6831336c3953413977687a7672674d695848564c3868574c5030363944444e4434694c6e30695a306e59417941694f505852535642327a70492f49695759585647223b),
('vuniatsif9qn0bfohh8ef0u0qbol32ep', '::1', 1750922083, 0x5f5f63695f6c6173745f726567656e65726174657c693a313735303932323038333b5f5f4143544956455f53455353494f4e5f444154417c733a3235363a223865346333656537366333393130633432393831356563643730353465323730646232376562306364386239343539666665653464306330643238303938373438666537663631663766336561623538343539346430383930333337663734346465333363383862613936323837376638313861656363386339376262653536732f714455576d4766476a52634630344a55516236316b4e426763784d777659634f586131527a77717443586c464a394c453564565734394c677a3752452b6831336c3953413977687a7672674d695848564c3868574c5030363944444e4434694c6e30695a306e59417941694f505852535642327a70492f49695759585647223b),
('ddhq2lu1o2vlvlaa7voig0bkfj2b0j82', '::1', 1750922475, 0x5f5f63695f6c6173745f726567656e65726174657c693a313735303932323437353b5f5f4143544956455f53455353494f4e5f444154417c733a3235363a223865346333656537366333393130633432393831356563643730353465323730646232376562306364386239343539666665653464306330643238303938373438666537663631663766336561623538343539346430383930333337663734346465333363383862613936323837376638313861656363386339376262653536732f714455576d4766476a52634630344a55516236316b4e426763784d777659634f586131527a77717443586c464a394c453564565734394c677a3752452b6831336c3953413977687a7672674d695848564c3868574c5030363944444e4434694c6e30695a306e59417941694f505852535642327a70492f49695759585647223b),
('ig1tqu1tk5dp2k63v7rp2evl3a0rgn28', '::1', 1750927740, 0x5f5f63695f6c6173745f726567656e65726174657c693a313735303932373734303b5f5f4143544956455f53455353494f4e5f444154417c733a3235363a22353862646162386665333764316561643635393734323734313564613331333564363831383237376436653134373562623632366661396337616335373561616535326361353830343636373734633365653164646335316134326164353662663537636337343336316338653930353937666630656561383530393635643178545279354d474c64464c4d3835344f4958764358416a66724d31792f2b415275355a63644175696c7a4951564b57483031794655535037786a68365130587933432f664772474d76775566636733756b654e504b704d4f7a3847724f524a654f776947646a58306430494f56337a6a683376687150486b6b666a7674723969223b636172745f636f6e74656e74737c613a333a7b733a31303a22636172745f746f74616c223b643a3135303030303b733a31313a22746f74616c5f6974656d73223b643a313b733a33323a223136373930393163356138383066616636666235653630383765623162326463223b613a363a7b733a323a226964223b733a313a2236223b733a333a22717479223b643a313b733a353a227072696365223b643a3135303030303b733a343a226e616d65223b733a31343a22526f636b2050686f737068617465223b733a353a22726f776964223b733a33323a223136373930393163356138383066616636666235653630383765623162326463223b733a383a22737562746f74616c223b643a3135303030303b7d7d6f726465725f7175616e746974797c613a313a7b693a363b613a323a7b733a333a22717479223b643a313b733a353a227072696365223b643a3135303030303b7d7d746f74616c5f70726963657c643a3137353030303b),
('5jaqiorjrlrbecqeg66r48c9plhgvua2', '::1', 1750923023, 0x5f5f63695f6c6173745f726567656e65726174657c693a313735303932333032333b5f5f4143544956455f53455353494f4e5f444154417c733a3235363a223865346333656537366333393130633432393831356563643730353465323730646232376562306364386239343539666665653464306330643238303938373438666537663631663766336561623538343539346430383930333337663734346465333363383862613936323837376638313861656363386339376262653536732f714455576d4766476a52634630344a55516236316b4e426763784d777659634f586131527a77717443586c464a394c453564565734394c677a3752452b6831336c3953413977687a7672674d695848564c3868574c5030363944444e4434694c6e30695a306e59417941694f505852535642327a70492f49695759585647223b),
('rejiarlo66o8rlfie8ecuaoddq07vbti', '::1', 1750923686, 0x5f5f63695f6c6173745f726567656e65726174657c693a313735303932333638363b5f5f4143544956455f53455353494f4e5f444154417c733a3235363a223865346333656537366333393130633432393831356563643730353465323730646232376562306364386239343539666665653464306330643238303938373438666537663631663766336561623538343539346430383930333337663734346465333363383862613936323837376638313861656363386339376262653536732f714455576d4766476a52634630344a55516236316b4e426763784d777659634f586131527a77717443586c464a394c453564565734394c677a3752452b6831336c3953413977687a7672674d695848564c3868574c5030363944444e4434694c6e30695a306e59417941694f505852535642327a70492f49695759585647223b),
('u9lt7erc6fp7tv95k89hburd8i8it1bf', '::1', 1750923997, 0x5f5f63695f6c6173745f726567656e65726174657c693a313735303932333939373b5f5f4143544956455f53455353494f4e5f444154417c733a3235363a223865346333656537366333393130633432393831356563643730353465323730646232376562306364386239343539666665653464306330643238303938373438666537663631663766336561623538343539346430383930333337663734346465333363383862613936323837376638313861656363386339376262653536732f714455576d4766476a52634630344a55516236316b4e426763784d777659634f586131527a77717443586c464a394c453564565734394c677a3752452b6831336c3953413977687a7672674d695848564c3868574c5030363944444e4434694c6e30695a306e59417941694f505852535642327a70492f49695759585647223b),
('jhpdomisel2v2dbbk6ra9kal46nm0os6', '::1', 1750924308, 0x5f5f63695f6c6173745f726567656e65726174657c693a313735303932343330383b5f5f4143544956455f53455353494f4e5f444154417c733a3235363a223865346333656537366333393130633432393831356563643730353465323730646232376562306364386239343539666665653464306330643238303938373438666537663631663766336561623538343539346430383930333337663734346465333363383862613936323837376638313861656363386339376262653536732f714455576d4766476a52634630344a55516236316b4e426763784d777659634f586131527a77717443586c464a394c453564565734394c677a3752452b6831336c3953413977687a7672674d695848564c3868574c5030363944444e4434694c6e30695a306e59417941694f505852535642327a70492f49695759585647223b),
('lm6eu6m6s61l9q7nsu5kju2cvi3tj1ao', '::1', 1750925300, 0x5f5f63695f6c6173745f726567656e65726174657c693a313735303932353330303b5f5f4143544956455f53455353494f4e5f444154417c733a3235363a223865346333656537366333393130633432393831356563643730353465323730646232376562306364386239343539666665653464306330643238303938373438666537663631663766336561623538343539346430383930333337663734346465333363383862613936323837376638313861656363386339376262653536732f714455576d4766476a52634630344a55516236316b4e426763784d777659634f586131527a77717443586c464a394c453564565734394c677a3752452b6831336c3953413977687a7672674d695848564c3868574c5030363944444e4434694c6e30695a306e59417941694f505852535642327a70492f49695759585647223b),
('h1siugoc8peqo20jpn9rkmssn4aqpdb1', '::1', 1750925921, 0x5f5f63695f6c6173745f726567656e65726174657c693a313735303932353932313b5f5f4143544956455f53455353494f4e5f444154417c733a3235363a223865346333656537366333393130633432393831356563643730353465323730646232376562306364386239343539666665653464306330643238303938373438666537663631663766336561623538343539346430383930333337663734346465333363383862613936323837376638313861656363386339376262653536732f714455576d4766476a52634630344a55516236316b4e426763784d777659634f586131527a77717443586c464a394c453564565734394c677a3752452b6831336c3953413977687a7672674d695848564c3868574c5030363944444e4434694c6e30695a306e59417941694f505852535642327a70492f49695759585647223b),
('lt0242osrdc41q6djn3e2oo0chqosdcu', '::1', 1750926345, 0x5f5f63695f6c6173745f726567656e65726174657c693a313735303932363334353b5f5f4143544956455f53455353494f4e5f444154417c733a3235363a223865346333656537366333393130633432393831356563643730353465323730646232376562306364386239343539666665653464306330643238303938373438666537663631663766336561623538343539346430383930333337663734346465333363383862613936323837376638313861656363386339376262653536732f714455576d4766476a52634630344a55516236316b4e426763784d777659634f586131527a77717443586c464a394c453564565734394c677a3752452b6831336c3953413977687a7672674d695848564c3868574c5030363944444e4434694c6e30695a306e59417941694f505852535642327a70492f49695759585647223b),
('vtclc168htdkh0rcq2hp7jkc5ess2vub', '::1', 1750926676, 0x5f5f63695f6c6173745f726567656e65726174657c693a313735303932363637363b5f5f4143544956455f53455353494f4e5f444154417c733a3235363a223865346333656537366333393130633432393831356563643730353465323730646232376562306364386239343539666665653464306330643238303938373438666537663631663766336561623538343539346430383930333337663734346465333363383862613936323837376638313861656363386339376262653536732f714455576d4766476a52634630344a55516236316b4e426763784d777659634f586131527a77717443586c464a394c453564565734394c677a3752452b6831336c3953413977687a7672674d695848564c3868574c5030363944444e4434694c6e30695a306e59417941694f505852535642327a70492f49695759585647223b),
('suusuk1a9o4ugjamr67j7sbvm9adqlbj', '::1', 1750927076, 0x5f5f63695f6c6173745f726567656e65726174657c693a313735303932373037363b5f5f4143544956455f53455353494f4e5f444154417c733a3235363a223865346333656537366333393130633432393831356563643730353465323730646232376562306364386239343539666665653464306330643238303938373438666537663631663766336561623538343539346430383930333337663734346465333363383862613936323837376638313861656363386339376262653536732f714455576d4766476a52634630344a55516236316b4e426763784d777659634f586131527a77717443586c464a394c453564565734394c677a3752452b6831336c3953413977687a7672674d695848564c3868574c5030363944444e4434694c6e30695a306e59417941694f505852535642327a70492f49695759585647223b),
('d51odi7jr22badnv56n83tsufud3uaj4', '::1', 1750927402, 0x5f5f63695f6c6173745f726567656e65726174657c693a313735303932373430323b5f5f4143544956455f53455353494f4e5f444154417c733a3235363a223865346333656537366333393130633432393831356563643730353465323730646232376562306364386239343539666665653464306330643238303938373438666537663631663766336561623538343539346430383930333337663734346465333363383862613936323837376638313861656363386339376262653536732f714455576d4766476a52634630344a55516236316b4e426763784d777659634f586131527a77717443586c464a394c453564565734394c677a3752452b6831336c3953413977687a7672674d695848564c3868574c5030363944444e4434694c6e30695a306e59417941694f505852535642327a70492f49695759585647223b),
('eblkcnl2l1i01ghlj6cona3f74kc1hc1', '::1', 1750927718, 0x5f5f63695f6c6173745f726567656e65726174657c693a313735303932373731383b5f5f4143544956455f53455353494f4e5f444154417c733a3235363a223865346333656537366333393130633432393831356563643730353465323730646232376562306364386239343539666665653464306330643238303938373438666537663631663766336561623538343539346430383930333337663734346465333363383862613936323837376638313861656363386339376262653536732f714455576d4766476a52634630344a55516236316b4e426763784d777659634f586131527a77717443586c464a394c453564565734394c677a3752452b6831336c3953413977687a7672674d695848564c3868574c5030363944444e4434694c6e30695a306e59417941694f505852535642327a70492f49695759585647223b),
('5eqq489loupiou2s171aq8oi6o1nolq0', '::1', 1750928057, 0x5f5f63695f6c6173745f726567656e65726174657c693a313735303932383035373b5f5f4143544956455f53455353494f4e5f444154417c733a3235363a223865346333656537366333393130633432393831356563643730353465323730646232376562306364386239343539666665653464306330643238303938373438666537663631663766336561623538343539346430383930333337663734346465333363383862613936323837376638313861656363386339376262653536732f714455576d4766476a52634630344a55516236316b4e426763784d777659634f586131527a77717443586c464a394c453564565734394c677a3752452b6831336c3953413977687a7672674d695848564c3868574c5030363944444e4434694c6e30695a306e59417941694f505852535642327a70492f49695759585647223b),
('lticmoqhrti5inv13rveg3m6pk0lu7kj', '::1', 1750928587, 0x5f5f63695f6c6173745f726567656e65726174657c693a313735303932383538373b5f5f4143544956455f53455353494f4e5f444154417c733a3235363a22353862646162386665333764316561643635393734323734313564613331333564363831383237376436653134373562623632366661396337616335373561616535326361353830343636373734633365653164646335316134326164353662663537636337343336316338653930353937666630656561383530393635643178545279354d474c64464c4d3835344f4958764358416a66724d31792f2b415275355a63644175696c7a4951564b57483031794655535037786a68365130587933432f664772474d76775566636733756b654e504b704d4f7a3847724f524a654f776947646a58306430494f56337a6a683376687150486b6b666a7674723969223b636172745f636f6e74656e74737c613a333a7b733a31303a22636172745f746f74616c223b643a3135303030303b733a31313a22746f74616c5f6974656d73223b643a313b733a33323a223136373930393163356138383066616636666235653630383765623162326463223b613a363a7b733a323a226964223b733a313a2236223b733a333a22717479223b643a313b733a353a227072696365223b643a3135303030303b733a343a226e616d65223b733a31343a22526f636b2050686f737068617465223b733a353a22726f776964223b733a33323a223136373930393163356138383066616636666235653630383765623162326463223b733a383a22737562746f74616c223b643a3135303030303b7d7d6f726465725f7175616e746974797c613a313a7b693a363b613a323a7b733a333a22717479223b643a313b733a353a227072696365223b643a3135303030303b7d7d746f74616c5f70726963657c643a3137353030303b),
('416crd55ljv6f0cci8lbki39etpm56rj', '::1', 1750928369, 0x5f5f63695f6c6173745f726567656e65726174657c693a313735303932383336393b5f5f4143544956455f53455353494f4e5f444154417c733a3235363a223865346333656537366333393130633432393831356563643730353465323730646232376562306364386239343539666665653464306330643238303938373438666537663631663766336561623538343539346430383930333337663734346465333363383862613936323837376638313861656363386339376262653536732f714455576d4766476a52634630344a55516236316b4e426763784d777659634f586131527a77717443586c464a394c453564565734394c677a3752452b6831336c3953413977687a7672674d695848564c3868574c5030363944444e4434694c6e30695a306e59417941694f505852535642327a70492f49695759585647223b),
('030dgp5knsvb0gp9ipnapods89hni1jd', '::1', 1750928713, 0x5f5f63695f6c6173745f726567656e65726174657c693a313735303932383731333b5f5f4143544956455f53455353494f4e5f444154417c733a3235363a223865346333656537366333393130633432393831356563643730353465323730646232376562306364386239343539666665653464306330643238303938373438666537663631663766336561623538343539346430383930333337663734346465333363383862613936323837376638313861656363386339376262653536732f714455576d4766476a52634630344a55516236316b4e426763784d777659634f586131527a77717443586c464a394c453564565734394c677a3752452b6831336c3953413977687a7672674d695848564c3868574c5030363944444e4434694c6e30695a306e59417941694f505852535642327a70492f49695759585647223b),
('iajq5scalvj3ob03sutvkpb6ecacr95t', '::1', 1750930455, 0x5f5f63695f6c6173745f726567656e65726174657c693a313735303933303435353b636172745f636f6e74656e74737c613a333a7b733a31303a22636172745f746f74616c223b643a3135303030303b733a31313a22746f74616c5f6974656d73223b643a313b733a33323a223136373930393163356138383066616636666235653630383765623162326463223b613a363a7b733a323a226964223b733a313a2236223b733a333a22717479223b643a313b733a353a227072696365223b643a3135303030303b733a343a226e616d65223b733a31343a22526f636b2050686f737068617465223b733a353a22726f776964223b733a33323a223136373930393163356138383066616636666235653630383765623162326463223b733a383a22737562746f74616c223b643a3135303030303b7d7d6f726465725f7175616e746974797c613a313a7b693a363b613a323a7b733a333a22717479223b643a313b733a353a227072696365223b643a3135303030303b7d7d746f74616c5f70726963657c643a3137353030303b5f5f4143544956455f53455353494f4e5f444154417c733a3235363a2231623263356639316431376366623830633939376163366236383034613361383362346461393865633933356461643162636639353632353031333361376564313464363134613633393061643764346133343866363562393132613730396433303962303339616164623830363138366135393933353030313530666234326c6242714f354968316841515a4d6269356a706d465575654657757962434f623956423258386b2f447047315855722b687658714c57753838357a624c5638366552575432752f72574b4e3136586d7538526a546574485a76554e7a4e4764424d4e67664378365343674a6848674a553576494c734d66426477422b532f4b6a223b),
('0tk0ut3fo652el5g2fa729op4u84ra2k', '::1', 1750930718, 0x5f5f63695f6c6173745f726567656e65726174657c693a313735303933303731383b5f5f4143544956455f53455353494f4e5f444154417c733a3235363a223865346333656537366333393130633432393831356563643730353465323730646232376562306364386239343539666665653464306330643238303938373438666537663631663766336561623538343539346430383930333337663734346465333363383862613936323837376638313861656363386339376262653536732f714455576d4766476a52634630344a55516236316b4e426763784d777659634f586131527a77717443586c464a394c453564565734394c677a3752452b6831336c3953413977687a7672674d695848564c3868574c5030363944444e4434694c6e30695a306e59417941694f505852535642327a70492f49695759585647223b),
('4lch8tutu58mrfk7u3bgjjml955cioku', '::1', 1750930874, 0x5f5f63695f6c6173745f726567656e65726174657c693a313735303933303837343b636172745f636f6e74656e74737c613a333a7b733a31303a22636172745f746f74616c223b643a3135303030303b733a31313a22746f74616c5f6974656d73223b643a313b733a33323a223136373930393163356138383066616636666235653630383765623162326463223b613a363a7b733a323a226964223b733a313a2236223b733a333a22717479223b643a313b733a353a227072696365223b643a3135303030303b733a343a226e616d65223b733a31343a22526f636b2050686f737068617465223b733a353a22726f776964223b733a33323a223136373930393163356138383066616636666235653630383765623162326463223b733a383a22737562746f74616c223b643a3135303030303b7d7d6f726465725f7175616e746974797c613a313a7b693a363b613a323a7b733a333a22717479223b643a313b733a353a227072696365223b643a3135303030303b7d7d746f74616c5f70726963657c643a3137353030303b5f5f4143544956455f53455353494f4e5f444154417c733a3235363a2231373863393661303138653036636366363265313538346239643831353334306535323532643263333339616664303833353539626138326364343763383465653630623035313039306535633134316331336134653933393064363432343632393065396264313865343935316638383333363765663464656633663662635576344f79784f424d5147745071616c724c634c6451736777715961395949666233767a67303268545475512b7249725679734764635a546b4d702f32615153653956544f46302f75744c72754c695032346a7a56563676466e6f4e31584862705a7453324a786b336b4d556f574155336570334143674a4a5339676f49756b223b),
('5v197ta89k2ldunadi7l4k3snn6nstud', '::1', 1750931071, 0x5f5f63695f6c6173745f726567656e65726174657c693a313735303933313037313b5f5f4143544956455f53455353494f4e5f444154417c733a3235363a223865346333656537366333393130633432393831356563643730353465323730646232376562306364386239343539666665653464306330643238303938373438666537663631663766336561623538343539346430383930333337663734346465333363383862613936323837376638313861656363386339376262653536732f714455576d4766476a52634630344a55516236316b4e426763784d777659634f586131527a77717443586c464a394c453564565734394c677a3752452b6831336c3953413977687a7672674d695848564c3868574c5030363944444e4434694c6e30695a306e59417941694f505852535642327a70492f49695759585647223b),
('8hfem5bt3478teamnocc4q66du1h5tbl', '::1', 1750932455, 0x5f5f63695f6c6173745f726567656e65726174657c693a313735303933323435353b636172745f636f6e74656e74737c613a333a7b733a31303a22636172745f746f74616c223b643a3135303030303b733a31313a22746f74616c5f6974656d73223b643a313b733a33323a223136373930393163356138383066616636666235653630383765623162326463223b613a363a7b733a323a226964223b733a313a2236223b733a333a22717479223b643a313b733a353a227072696365223b643a3135303030303b733a343a226e616d65223b733a31343a22526f636b2050686f737068617465223b733a353a22726f776964223b733a33323a223136373930393163356138383066616636666235653630383765623162326463223b733a383a22737562746f74616c223b643a3135303030303b7d7d6f726465725f7175616e746974797c613a313a7b693a363b613a323a7b733a333a22717479223b643a313b733a353a227072696365223b643a3135303030303b7d7d746f74616c5f70726963657c643a3137353030303b5f5f4143544956455f53455353494f4e5f444154417c733a3235363a2231373863393661303138653036636366363265313538346239643831353334306535323532643263333339616664303833353539626138326364343763383465653630623035313039306535633134316331336134653933393064363432343632393065396264313865343935316638383333363765663464656633663662635576344f79784f424d5147745071616c724c634c6451736777715961395949666233767a67303268545475512b7249725679734764635a546b4d702f32615153653956544f46302f75744c72754c695032346a7a56563676466e6f4e31584862705a7453324a786b336b4d556f574155336570334143674a4a5339676f49756b223b),
('r2u5ai86vg94dhguk58qj66g9hjlinjt', '::1', 1750931586, 0x5f5f63695f6c6173745f726567656e65726174657c693a313735303933313538363b5f5f4143544956455f53455353494f4e5f444154417c733a3235363a223865346333656537366333393130633432393831356563643730353465323730646232376562306364386239343539666665653464306330643238303938373438666537663631663766336561623538343539346430383930333337663734346465333363383862613936323837376638313861656363386339376262653536732f714455576d4766476a52634630344a55516236316b4e426763784d777659634f586131527a77717443586c464a394c453564565734394c677a3752452b6831336c3953413977687a7672674d695848564c3868574c5030363944444e4434694c6e30695a306e59417941694f505852535642327a70492f49695759585647223b),
('9m25gp32606it2tnqf242gu67dnkdkp8', '::1', 1750931921, 0x5f5f63695f6c6173745f726567656e65726174657c693a313735303933313932313b5f5f4143544956455f53455353494f4e5f444154417c733a3235363a223865346333656537366333393130633432393831356563643730353465323730646232376562306364386239343539666665653464306330643238303938373438666537663631663766336561623538343539346430383930333337663734346465333363383862613936323837376638313861656363386339376262653536732f714455576d4766476a52634630344a55516236316b4e426763784d777659634f586131527a77717443586c464a394c453564565734394c677a3752452b6831336c3953413977687a7672674d695848564c3868574c5030363944444e4434694c6e30695a306e59417941694f505852535642327a70492f49695759585647223b),
('n2b4aa5brtjkavvb4v0nmeskpht2nlj0', '::1', 1750932347, 0x5f5f63695f6c6173745f726567656e65726174657c693a313735303933323334373b5f5f4143544956455f53455353494f4e5f444154417c733a3235363a223865346333656537366333393130633432393831356563643730353465323730646232376562306364386239343539666665653464306330643238303938373438666537663631663766336561623538343539346430383930333337663734346465333363383862613936323837376638313861656363386339376262653536732f714455576d4766476a52634630344a55516236316b4e426763784d777659634f586131527a77717443586c464a394c453564565734394c677a3752452b6831336c3953413977687a7672674d695848564c3868574c5030363944444e4434694c6e30695a306e59417941694f505852535642327a70492f49695759585647223b),
('26bl1dvc0qbgete11lbid9qta5i2au50', '::1', 1750932840, 0x5f5f63695f6c6173745f726567656e65726174657c693a313735303933323834303b5f5f4143544956455f53455353494f4e5f444154417c733a3235363a223865346333656537366333393130633432393831356563643730353465323730646232376562306364386239343539666665653464306330643238303938373438666537663631663766336561623538343539346430383930333337663734346465333363383862613936323837376638313861656363386339376262653536732f714455576d4766476a52634630344a55516236316b4e426763784d777659634f586131527a77717443586c464a394c453564565734394c677a3752452b6831336c3953413977687a7672674d695848564c3868574c5030363944444e4434694c6e30695a306e59417941694f505852535642327a70492f49695759585647223b),
('pmbh3gtl7ahjmkk4m9c7icau52612i9n', '::1', 1750932735, 0x5f5f63695f6c6173745f726567656e65726174657c693a313735303933323435353b636172745f636f6e74656e74737c613a333a7b733a31303a22636172745f746f74616c223b643a3135303030303b733a31313a22746f74616c5f6974656d73223b643a313b733a33323a223136373930393163356138383066616636666235653630383765623162326463223b613a363a7b733a323a226964223b733a313a2236223b733a333a22717479223b643a313b733a353a227072696365223b643a3135303030303b733a343a226e616d65223b733a31343a22526f636b2050686f737068617465223b733a353a22726f776964223b733a33323a223136373930393163356138383066616636666235653630383765623162326463223b733a383a22737562746f74616c223b643a3135303030303b7d7d6f726465725f7175616e746974797c613a313a7b693a363b613a323a7b733a333a22717479223b643a313b733a353a227072696365223b643a3135303030303b7d7d746f74616c5f70726963657c643a3137353030303b5f5f4143544956455f53455353494f4e5f444154417c733a3235363a2231373863393661303138653036636366363265313538346239643831353334306535323532643263333339616664303833353539626138326364343763383465653630623035313039306535633134316331336134653933393064363432343632393065396264313865343935316638383333363765663464656633663662635576344f79784f424d5147745071616c724c634c6451736777715961395949666233767a67303268545475512b7249725679734764635a546b4d702f32615153653956544f46302f75744c72754c695032346a7a56563676466e6f4e31584862705a7453324a786b336b4d556f574155336570334143674a4a5339676f49756b223b),
('dvj7cgieqsppo5nckj86316lagrt1mmc', '::1', 1750932841, 0x5f5f63695f6c6173745f726567656e65726174657c693a313735303933323834303b5f5f4143544956455f53455353494f4e5f444154417c733a3235363a223865346333656537366333393130633432393831356563643730353465323730646232376562306364386239343539666665653464306330643238303938373438666537663631663766336561623538343539346430383930333337663734346465333363383862613936323837376638313861656363386339376262653536732f714455576d4766476a52634630344a55516236316b4e426763784d777659634f586131527a77717443586c464a394c453564565734394c677a3752452b6831336c3953413977687a7672674d695848564c3868574c5030363944444e4434694c6e30695a306e59417941694f505852535642327a70492f49695759585647223b),
('5vdksah6erh1159kuh93kkr91kdlo0h8', '::1', 1750948153, 0x5f5f63695f6c6173745f726567656e65726174657c693a313735303934383135333b5f5f4143544956455f53455353494f4e5f444154417c733a3235363a2230643036386230353234373333656464383564353663313836323833633965393464336363343735643465623363393330623232643261643961386565643839663434303761323961616437613832633632333036353266633430636339633132663865633039333061636334356161316263636438396566653632626636397252724e344250626e304f626877526d44506c3063422f5477394c67797063434d6148706f706e63457246326a5464387474512b51704d47517a61776e50697150445a44307a5a43796c587269664a45516e4b6e537165554e43677963424e444651503672574a4557476c67414a486a526b6e78464b4a47747747484c76364b223b),
('c3dri56rns7k246qncpd4jj4q2olqsca', '::1', 1750953743, 0x5f5f63695f6c6173745f726567656e65726174657c693a313735303935333734333b),
('iqnftv54vec6ga56rf766a3c2pgk51no', '::1', 1750949104, 0x5f5f63695f6c6173745f726567656e65726174657c693a313735303934393130343b5f5f4143544956455f53455353494f4e5f444154417c733a3235363a22306232373634306438663435343965343366646261613062353663386238353833376161333134343630326336326663343637363137313665613463643063386536323166316262346163376535323033616438346235643233386430343461363264363063653661346237666233343334613038326135336432393864656674476d502f4e635a6a316330703054746144355154574c45704c4c627a4f4a2b6773674c6f7034436f647a553873445273756a786e497a584e556b444446356c63502b586b64505878433554544354374567714c3179657a634f47566c5157596b42457558443951477059624678725a2f30477673344e75563956442f772f38223b),
('47ncppetst794414tbveqbtl1o876t52', '::1', 1750949539, 0x5f5f63695f6c6173745f726567656e65726174657c693a313735303934393533393b5f5f4143544956455f53455353494f4e5f444154417c733a3235363a22306232373634306438663435343965343366646261613062353663386238353833376161333134343630326336326663343637363137313665613463643063386536323166316262346163376535323033616438346235643233386430343461363264363063653661346237666233343334613038326135336432393864656674476d502f4e635a6a316330703054746144355154574c45704c4c627a4f4a2b6773674c6f7034436f647a553873445273756a786e497a584e556b444446356c63502b586b64505878433554544354374567714c3179657a634f47566c5157596b42457558443951477059624678725a2f30477673344e75563956442f772f38223b),
('m2e7cttnlbp2j42igttj8qln5k8f7h4i', '::1', 1750949896, 0x5f5f63695f6c6173745f726567656e65726174657c693a313735303934393839363b5f5f4143544956455f53455353494f4e5f444154417c733a3235363a22306232373634306438663435343965343366646261613062353663386238353833376161333134343630326336326663343637363137313665613463643063386536323166316262346163376535323033616438346235643233386430343461363264363063653661346237666233343334613038326135336432393864656674476d502f4e635a6a316330703054746144355154574c45704c4c627a4f4a2b6773674c6f7034436f647a553873445273756a786e497a584e556b444446356c63502b586b64505878433554544354374567714c3179657a634f47566c5157596b42457558443951477059624678725a2f30477673344e75563956442f772f38223b),
('jj856ntba9ca7i2gle428bgh4onmdbd4', '::1', 1750950323, 0x5f5f63695f6c6173745f726567656e65726174657c693a313735303935303332333b5f5f4143544956455f53455353494f4e5f444154417c733a3235363a22306232373634306438663435343965343366646261613062353663386238353833376161333134343630326336326663343637363137313665613463643063386536323166316262346163376535323033616438346235643233386430343461363264363063653661346237666233343334613038326135336432393864656674476d502f4e635a6a316330703054746144355154574c45704c4c627a4f4a2b6773674c6f7034436f647a553873445273756a786e497a584e556b444446356c63502b586b64505878433554544354374567714c3179657a634f47566c5157596b42457558443951477059624678725a2f30477673344e75563956442f772f38223b),
('9p18chj9vbt0a5a00gedvq1dpj2bbjsq', '::1', 1750951323, 0x5f5f63695f6c6173745f726567656e65726174657c693a313735303935313332333b5f5f4143544956455f53455353494f4e5f444154417c733a3235363a22306232373634306438663435343965343366646261613062353663386238353833376161333134343630326336326663343637363137313665613463643063386536323166316262346163376535323033616438346235643233386430343461363264363063653661346237666233343334613038326135336432393864656674476d502f4e635a6a316330703054746144355154574c45704c4c627a4f4a2b6773674c6f7034436f647a553873445273756a786e497a584e556b444446356c63502b586b64505878433554544354374567714c3179657a634f47566c5157596b42457558443951477059624678725a2f30477673344e75563956442f772f38223b),
('f4bv4t739k8cagef754nbi1aq4adp96n', '::1', 1750951690, 0x5f5f63695f6c6173745f726567656e65726174657c693a313735303935313639303b5f5f4143544956455f53455353494f4e5f444154417c733a3235363a22306232373634306438663435343965343366646261613062353663386238353833376161333134343630326336326663343637363137313665613463643063386536323166316262346163376535323033616438346235643233386430343461363264363063653661346237666233343334613038326135336432393864656674476d502f4e635a6a316330703054746144355154574c45704c4c627a4f4a2b6773674c6f7034436f647a553873445273756a786e497a584e556b444446356c63502b586b64505878433554544354374567714c3179657a634f47566c5157596b42457558443951477059624678725a2f30477673344e75563956442f772f38223b),
('dbfmoahm33gkvvgmvosi140c0tjceseq', '::1', 1750952542, 0x5f5f63695f6c6173745f726567656e65726174657c693a313735303935323534323b5f5f4143544956455f53455353494f4e5f444154417c733a3235363a22306232373634306438663435343965343366646261613062353663386238353833376161333134343630326336326663343637363137313665613463643063386536323166316262346163376535323033616438346235643233386430343461363264363063653661346237666233343334613038326135336432393864656674476d502f4e635a6a316330703054746144355154574c45704c4c627a4f4a2b6773674c6f7034436f647a553873445273756a786e497a584e556b444446356c63502b586b64505878433554544354374567714c3179657a634f47566c5157596b42457558443951477059624678725a2f30477673344e75563956442f772f38223b),
('u4licl6nknbdrgnfotm2u5j9dkaq0ra1', '::1', 1750953693, 0x5f5f63695f6c6173745f726567656e65726174657c693a313735303935333639333b5f5f4143544956455f53455353494f4e5f444154417c733a3235363a22306232373634306438663435343965343366646261613062353663386238353833376161333134343630326336326663343637363137313665613463643063386536323166316262346163376535323033616438346235643233386430343461363264363063653661346237666233343334613038326135336432393864656674476d502f4e635a6a316330703054746144355154574c45704c4c627a4f4a2b6773674c6f7034436f647a553873445273756a786e497a584e556b444446356c63502b586b64505878433554544354374567714c3179657a634f47566c5157596b42457558443951477059624678725a2f30477673344e75563956442f772f38223b),
('uilcc544qq59j0cktu1uev4ai8nj1g1n', '::1', 1750953723, 0x5f5f63695f6c6173745f726567656e65726174657c693a313735303935333639333b5f5f4143544956455f53455353494f4e5f444154417c733a3235363a2239653230313838646231316230366565343339653934376131333832653033363964643837326333313232356666373237393136333030303566643763366138343830396634653064613666363538386530373164346163326164383034623562633666313365396136663464306566633434626264356661346132363833315654516a494b3077386f687033546c4c7733487430466441422f4e486a542f705949516e2b68636b3067447375386d6c47794e5357375056594b794267504e736e6d4e5957443062674f6853496c485159707954413950714d54474941616f435167754e64615979784e50777a3568654d646d6b5832477465383773724b4f52223b),
('bra6mrs41k0b0coiovrsn64rvglooous', '::1', 1750953749, 0x5f5f63695f6c6173745f726567656e65726174657c693a313735303935333734333b);

-- --------------------------------------------------------

--
-- Struktur dari tabel `contacts`
--

CREATE TABLE `contacts` (
  `id` int(10) NOT NULL,
  `parent_id` int(10) DEFAULT NULL,
  `name` varchar(32) NOT NULL,
  `subject` varchar(128) DEFAULT NULL,
  `email` varchar(64) NOT NULL,
  `message` mediumtext NOT NULL,
  `contact_date` datetime DEFAULT NULL,
  `status` tinyint(1) DEFAULT 1,
  `reply_at` datetime DEFAULT NULL
) ENGINE=InnoDB DEFAULT CHARSET=utf8mb4;

--
-- Dumping data untuk tabel `contacts`
--

INSERT INTO `contacts` (`id`, `parent_id`, `name`, `subject`, `email`, `message`, `contact_date`, `status`, `reply_at`) VALUES
(1, NULL, 'Krisna Mukti', 'Pengiriman kok lama?', 'krisnamukti@gmail.com', 'pengiriman pesanan saya kok lama ya', '2022-11-20 07:40:13', 2, NULL);

-- --------------------------------------------------------

--
-- Struktur dari tabel `coupons`
--

CREATE TABLE `coupons` (
  `id` bigint(20) NOT NULL,
  `name` varchar(191) NOT NULL,
  `code` varchar(32) NOT NULL,
  `credit` decimal(8,2) NOT NULL,
  `start_date` date NOT NULL,
  `expired_date` date NOT NULL,
  `is_active` tinyint(4) DEFAULT 1
) ENGINE=InnoDB DEFAULT CHARSET=utf8mb4;

--
-- Dumping data untuk tabel `coupons`
--

INSERT INTO `coupons` (`id`, `name`, `code`, `credit`, `start_date`, `expired_date`, `is_active`) VALUES
(4, 'Spesial_Juni', 'JUNIDISKON', '5000.00', '2025-06-22', '2025-06-30', 1),
(5, 'Diskon Sampai Akhir Tahun 2025', 'diskon2025', '10000.00', '2025-01-01', '2025-12-31', 1);

-- --------------------------------------------------------

--
-- Struktur dari tabel `customers`
--

CREATE TABLE `customers` (
  `id` bigint(20) NOT NULL,
  `user_id` bigint(20) UNSIGNED DEFAULT NULL,
  `name` varchar(191) NOT NULL,
  `phone_number` varchar(32) DEFAULT NULL,
  `address` varchar(191) NOT NULL,
  `profile_picture` varchar(191) DEFAULT NULL
) ENGINE=InnoDB DEFAULT CHARSET=utf8mb4;

--
-- Dumping data untuk tabel `customers`
--

INSERT INTO `customers` (`id`, `user_id`, `name`, `phone_number`, `address`, `profile_picture`) VALUES
(6, 2, 'akun pembeli', '081235595153', 'taluk', 'agung.png'),
(8, 9, 'boy', '9213279398989', 'pku', NULL),
(9, 10, 'ramos', '082268594598', 'taluk', NULL);

-- --------------------------------------------------------

--
-- Struktur dari tabel `distribusi`
--

CREATE TABLE `distribusi` (
  `id` bigint(20) NOT NULL,
  `user_id` bigint(20) NOT NULL,
  `order_number` varchar(16) NOT NULL,
  `tanggal_distribusi` date NOT NULL,
  `status` enum('belum_dikirim','dalam_perjalanan','diterima') NOT NULL,
  `catatan` text NOT NULL,
  `ekspedisi` varchar(255) NOT NULL,
  `tracking_id` varchar(255) NOT NULL,
  `created_at` datetime NOT NULL,
  `updated_at` datetime NOT NULL
) ENGINE=InnoDB DEFAULT CHARSET=utf8mb4;

-- --------------------------------------------------------

--
-- Struktur dari tabel `orders`
--

CREATE TABLE `orders` (
  `id` bigint(20) NOT NULL,
  `user_id` bigint(20) UNSIGNED DEFAULT NULL,
  `coupon_id` bigint(20) DEFAULT NULL,
  `order_number` varchar(16) NOT NULL,
  `order_status` enum('1','2','3','4','5') DEFAULT '1',
  `order_date` datetime NOT NULL,
  `total_price` decimal(10,2) DEFAULT NULL,
  `total_items` int(10) DEFAULT NULL,
  `payment_method` int(11) DEFAULT 1,
  `delivery_data` text DEFAULT NULL,
  `delivered_date` datetime DEFAULT NULL,
  `finish_date` datetime DEFAULT NULL
) ENGINE=InnoDB DEFAULT CHARSET=utf8mb4;

--
-- Dumping data untuk tabel `orders`
--

INSERT INTO `orders` (`id`, `user_id`, `coupon_id`, `order_number`, `order_status`, `order_date`, `total_price`, `total_items`, `payment_method`, `delivery_data`, `delivered_date`, `finish_date`) VALUES
(18, 2, NULL, 'JOP2262512908', '3', '2025-06-22 12:42:40', '175000.00', 1, 1, '{\"customer\":{\"name\":\"akun pembeli\",\"phone_number\":\"081235595153\",\"address\":\"taluk\"},\"note\":\"\"}', NULL, NULL);

-- --------------------------------------------------------

--
-- Struktur dari tabel `order_items`
--

CREATE TABLE `order_items` (
  `id` bigint(20) NOT NULL,
  `order_id` bigint(20) DEFAULT NULL,
  `product_id` bigint(20) DEFAULT NULL,
  `order_qty` int(10) NOT NULL,
  `order_price` decimal(10,2) DEFAULT NULL
) ENGINE=InnoDB DEFAULT CHARSET=utf8mb4;

--
-- Dumping data untuk tabel `order_items`
--

INSERT INTO `order_items` (`id`, `order_id`, `product_id`, `order_qty`, `order_price`) VALUES
(5, 18, 6, 1, '150000.00');

-- --------------------------------------------------------

--
-- Struktur dari tabel `payments`
--

CREATE TABLE `payments` (
  `id` bigint(20) NOT NULL,
  `order_id` bigint(20) DEFAULT NULL,
  `payment_price` decimal(10,2) DEFAULT NULL,
  `payment_date` datetime NOT NULL,
  `picture_name` varchar(191) DEFAULT NULL,
  `payment_status` enum('1','2','3') DEFAULT '1',
  `confirmed_date` datetime DEFAULT NULL,
  `payment_data` text DEFAULT NULL
) ENGINE=InnoDB DEFAULT CHARSET=utf8mb4;

--
-- Dumping data untuk tabel `payments`
--

INSERT INTO `payments` (`id`, `order_id`, `payment_price`, `payment_date`, `picture_name`, `payment_status`, `confirmed_date`, `payment_data`) VALUES
(10, 18, '175000.00', '2025-06-22 12:44:23', 'Bukti2.png', '2', NULL, '{\"transfer_to\":\"bank-mandiri\",\"source\":{\"bank\":\"Bank BSI\",\"name\":\"pembeli\",\"number\":\"9878067\"}}');

-- --------------------------------------------------------

--
-- Struktur dari tabel `products`
--

CREATE TABLE `products` (
  `id` bigint(20) NOT NULL,
  `category_id` int(10) DEFAULT NULL,
  `sku` varchar(32) DEFAULT NULL,
  `name` varchar(191) NOT NULL,
  `description` varchar(191) DEFAULT NULL,
  `picture_name` varchar(191) DEFAULT NULL,
  `price` decimal(10,2) NOT NULL,
  `current_discount` decimal(8,2) DEFAULT 0.00,
  `stock` int(10) NOT NULL,
  `product_unit` varchar(32) DEFAULT NULL,
  `is_available` tinyint(1) DEFAULT 1,
  `add_date` datetime DEFAULT NULL
) ENGINE=InnoDB DEFAULT CHARSET=utf8mb4;

--
-- Dumping data untuk tabel `products`
--

INSERT INTO `products` (`id`, `category_id`, `sku`, `name`, `description`, `picture_name`, `price`, `current_discount`, `stock`, `product_unit`, `is_available`, `add_date`) VALUES
(1, 1, 'CT202201', 'NPK Mutiara 16-16-16', NULL, 'p1.jpg', '730000.00', '0.00', 30, 'Perkarung', 1, '2022-08-10 15:02:52'),
(2, 1, 'CN202202', 'NPK Phonska Plus 15-15-15', NULL, 'p2.png', '310000.00', '0.00', 50, 'Perkarung', 1, '2022-08-10 15:03:40'),
(3, 1, 'CT202203', 'NPK 12-12-17-2 + TE', NULL, 'p3.jpg', '390000.00', '0.00', 30, 'Perkarung', 1, '2022-08-10 19:36:30'),
(4, 1, 'CT202204', 'Organik Lengkap', NULL, 'p4.jpg', '150000.00', '0.00', 30, 'Perkarung', 1, '2022-08-10 19:36:51'),
(5, 1, 'CT202205', 'KCL Origin Of Canada (Kalium Klorida)', NULL, 'p5.jpg', '385000.00', '0.00', 30, 'Perkarung', 1, '2022-08-10 19:38:05'),
(6, 1, 'CT202206', 'Rock Phosphate', NULL, 'p6.jpg', '150000.00', '0.00', 10, 'Perkarung', 1, '2022-08-10 15:13:51'),
(7, 1, 'CN202207', 'Dolomit', NULL, 'p7.jpg', '55000.00', '5000.00', 30, 'Perkarung', 1, '2022-11-20 14:37:14'),
(8, 1, 'CN202208', 'NPK 13-8-27-4 + 0.5B', NULL, 'p8.jpg', '465000.00', '0.00', 30, 'Perkarung', 1, '2022-11-20 14:37:14'),
(9, 2, 'CN202209', 'Pupuk TSP', NULL, 'p9.jpg', '530000.00', '0.00', 0, 'Perkarung', NULL, '2022-11-20 14:50:26'),
(10, 2, 'CN202210', 'Pupuk Urea', NULL, 'p10.jpg', '385000.00', '0.00', 0, 'Perkarung', NULL, '2022-11-20 15:20:58');

-- --------------------------------------------------------

--
-- Struktur dari tabel `product_category`
--

CREATE TABLE `product_category` (
  `id` int(10) NOT NULL,
  `name` varchar(191) NOT NULL
) ENGINE=InnoDB DEFAULT CHARSET=utf8mb4;

--
-- Dumping data untuk tabel `product_category`
--

INSERT INTO `product_category` (`id`, `name`) VALUES
(1, 'Pupuk Tersedia'),
(2, 'Pupuk Tidak Tersedia');

-- --------------------------------------------------------

--
-- Struktur dari tabel `reviews`
--

CREATE TABLE `reviews` (
  `id` bigint(20) NOT NULL,
  `user_id` bigint(20) UNSIGNED DEFAULT NULL,
  `order_id` bigint(20) DEFAULT NULL,
  `title` varchar(191) DEFAULT NULL,
  `review_text` mediumtext NOT NULL,
  `review_date` datetime NOT NULL,
  `status` tinyint(1) NOT NULL DEFAULT 1
) ENGINE=InnoDB DEFAULT CHARSET=utf8mb4;

--
-- Dumping data untuk tabel `reviews`
--

INSERT INTO `reviews` (`id`, `user_id`, `order_id`, `title`, `review_text`, `review_date`, `status`) VALUES
(4, 2, 16, 'Nyaman', 'Sip', '2022-12-07 11:20:59', 1),
(5, 2, 18, 'pengiriman pupuknya cepat', 'pupuknya sudah sampai sangat cepat dan berkualitas', '2025-06-22 13:32:58', 1);

-- --------------------------------------------------------

--
-- Struktur dari tabel `settings`
--

CREATE TABLE `settings` (
  `id` int(10) NOT NULL,
  `key` varchar(32) NOT NULL,
  `content` text NOT NULL
) ENGINE=InnoDB DEFAULT CHARSET=utf8mb4;

--
-- Dumping data untuk tabel `settings`
--

INSERT INTO `settings` (`id`, `key`, `content`) VALUES
(1, 'current_theme_name', 'Converse'),
(2, 'store_name', 'Pendistribusian Pupuk Kelapa Sawit'),
(3, 'store_phone_number', '0822-6859-4598'),
(4, 'store_email', 'fidelramos@gmail.com'),
(5, 'store_tagline', 'Pupuk Kami 100% Berkualitas'),
(6, 'store_logo', 'Logo.png'),
(7, 'max_product_image_size', '20000'),
(8, 'store_description', 'Belanja Pupuk Sekarang Dengan Harga Murah, Mudah Dan Cepat'),
(9, 'store_address', 'Teluk Beringin\r\n'),
(10, 'min_shop_to_free_shipping_cost', '1500000'),
(11, 'shipping_cost', '25000'),
(12, 'payment_banks', '{\"bank-mandiri\":{\"bank\":\"BANK MANDIRI\",\"number\":\"2408-1994-2004\",\"name\":\"Fidel Ramos\"},\"bank-bni\":{\"bank\":\"BANK BNI\",\"number\":\"3108-1994-2004\",\"name\":\"Fidel Ramos\"},\"allo-bank\":{\"bank\":\"ALLO BANK\",\"number\":\"082281842852\",\"name\":\"Fidel Ramos\"}}');

-- --------------------------------------------------------

--
-- Struktur dari tabel `users`
--

CREATE TABLE `users` (
  `id` bigint(20) UNSIGNED NOT NULL,
  `name` varchar(50) COLLATE utf8mb4_unicode_ci DEFAULT NULL,
  `email` varchar(191) COLLATE utf8mb4_unicode_ci NOT NULL,
  `email_verified_at` timestamp NULL DEFAULT NULL,
  `username` varchar(16) COLLATE utf8mb4_unicode_ci NOT NULL,
  `password` varchar(191) COLLATE utf8mb4_unicode_ci NOT NULL,
  `profile_picture` varchar(128) COLLATE utf8mb4_unicode_ci DEFAULT NULL,
  `role` varchar(32) COLLATE utf8mb4_unicode_ci DEFAULT '0' COMMENT '1 = admin, 2 = customer',
  `register_date` datetime DEFAULT NULL
) ENGINE=InnoDB DEFAULT CHARSET=utf8mb4 COLLATE=utf8mb4_unicode_ci;

--
-- Dumping data untuk tabel `users`
--

INSERT INTO `users` (`id`, `name`, `email`, `email_verified_at`, `username`, `password`, `profile_picture`, `role`, `register_date`) VALUES
(1, 'Admin', 'admin@local.test', NULL, 'admin', '$2y$10$Brm3RNWFKvZ1e0ej1vBz9.QbFMW21q0l/iDSt5aDOoGj9zlLFuxh6', 'agung1.png', 'admin', NULL),
(2, 'Customer Converse', 'customer@local.test', NULL, 'customer', '$2y$10$6C/A5Yy1gt4yhStWDWN1M.isBaznzDc.MZJdIj7UddW3.qIX5vDvK', NULL, 'customer', '2020-03-29 08:14:30'),
(3, 'karyawan', 'karyawan@gmail.com', NULL, 'karyawan', '$2y$10$Brm3RNWFKvZ1e0ej1vBz9.QbFMW21q0l/iDSt5aDOoGj9zlLFuxh6', 'agung1.png', 'karyawan', NULL),
(9, NULL, 'boy@gmail.com', NULL, 'boy2025', '$2y$10$DoViegQ7jkX7TrycAmq4J.u3bmjJbEYRKb0DTtk8fhgl/yVIh7B2a', NULL, 'customer', '2025-06-21 18:14:40'),
(10, NULL, 'ramos@gmail.com', NULL, 'ramos', '$2y$10$CxwUfkSpnSN7EZTY5STjHuhMUOxtBKUc6eqUFKdAjXVA0g3EgDtdG', NULL, 'customer', '2025-06-22 10:10:40');

--
-- Indexes for dumped tables
--

--
-- Indeks untuk tabel `ci_sessions`
--
ALTER TABLE `ci_sessions`
  ADD KEY `ci_sessions_timestamp` (`timestamp`);

--
-- Indeks untuk tabel `contacts`
--
ALTER TABLE `contacts`
  ADD PRIMARY KEY (`id`),
  ADD KEY `FK_contacts_contacts` (`parent_id`);

--
-- Indeks untuk tabel `coupons`
--
ALTER TABLE `coupons`
  ADD PRIMARY KEY (`id`);

--
-- Indeks untuk tabel `customers`
--
ALTER TABLE `customers`
  ADD PRIMARY KEY (`id`),
  ADD KEY `FK_customers_users` (`user_id`);

--
-- Indeks untuk tabel `distribusi`
--
ALTER TABLE `distribusi`
  ADD PRIMARY KEY (`id`);

--
-- Indeks untuk tabel `orders`
--
ALTER TABLE `orders`
  ADD PRIMARY KEY (`id`),
  ADD KEY `FK_orders_users` (`user_id`),
  ADD KEY `FK_orders_coupons` (`coupon_id`);

--
-- Indeks untuk tabel `order_items`
--
ALTER TABLE `order_items`
  ADD PRIMARY KEY (`id`),
  ADD KEY `order_id` (`order_id`),
  ADD KEY `product_id` (`product_id`);

--
-- Indeks untuk tabel `payments`
--
ALTER TABLE `payments`
  ADD PRIMARY KEY (`id`),
  ADD KEY `order_id` (`order_id`);

--
-- Indeks untuk tabel `products`
--
ALTER TABLE `products`
  ADD PRIMARY KEY (`id`),
  ADD KEY `FK_products_product_category` (`category_id`);

--
-- Indeks untuk tabel `product_category`
--
ALTER TABLE `product_category`
  ADD PRIMARY KEY (`id`);

--
-- Indeks untuk tabel `reviews`
--
ALTER TABLE `reviews`
  ADD PRIMARY KEY (`id`),
  ADD KEY `FK_reviews_users` (`user_id`),
  ADD KEY `FK_reviews_orders` (`order_id`);

--
-- Indeks untuk tabel `settings`
--
ALTER TABLE `settings`
  ADD PRIMARY KEY (`id`) USING BTREE;

--
-- Indeks untuk tabel `users`
--
ALTER TABLE `users`
  ADD PRIMARY KEY (`id`) USING BTREE,
  ADD UNIQUE KEY `users_email_unique` (`email`) USING BTREE;

--
-- AUTO_INCREMENT untuk tabel yang dibuang
--

--
-- AUTO_INCREMENT untuk tabel `contacts`
--
ALTER TABLE `contacts`
  MODIFY `id` int(10) NOT NULL AUTO_INCREMENT, AUTO_INCREMENT=3;

--
-- AUTO_INCREMENT untuk tabel `coupons`
--
ALTER TABLE `coupons`
  MODIFY `id` bigint(20) NOT NULL AUTO_INCREMENT, AUTO_INCREMENT=6;

--
-- AUTO_INCREMENT untuk tabel `customers`
--
ALTER TABLE `customers`
  MODIFY `id` bigint(20) NOT NULL AUTO_INCREMENT, AUTO_INCREMENT=10;

--
-- AUTO_INCREMENT untuk tabel `distribusi`
--
ALTER TABLE `distribusi`
  MODIFY `id` bigint(20) NOT NULL AUTO_INCREMENT;

--
-- AUTO_INCREMENT untuk tabel `orders`
--
ALTER TABLE `orders`
  MODIFY `id` bigint(20) NOT NULL AUTO_INCREMENT, AUTO_INCREMENT=19;

--
-- AUTO_INCREMENT untuk tabel `order_items`
--
ALTER TABLE `order_items`
  MODIFY `id` bigint(20) NOT NULL AUTO_INCREMENT, AUTO_INCREMENT=6;

--
-- AUTO_INCREMENT untuk tabel `payments`
--
ALTER TABLE `payments`
  MODIFY `id` bigint(20) NOT NULL AUTO_INCREMENT, AUTO_INCREMENT=11;

--
-- AUTO_INCREMENT untuk tabel `products`
--
ALTER TABLE `products`
  MODIFY `id` bigint(20) NOT NULL AUTO_INCREMENT, AUTO_INCREMENT=20;

--
-- AUTO_INCREMENT untuk tabel `product_category`
--
ALTER TABLE `product_category`
  MODIFY `id` int(10) NOT NULL AUTO_INCREMENT, AUTO_INCREMENT=9;

--
-- AUTO_INCREMENT untuk tabel `reviews`
--
ALTER TABLE `reviews`
  MODIFY `id` bigint(20) NOT NULL AUTO_INCREMENT, AUTO_INCREMENT=6;

--
-- AUTO_INCREMENT untuk tabel `settings`
--
ALTER TABLE `settings`
  MODIFY `id` int(10) NOT NULL AUTO_INCREMENT, AUTO_INCREMENT=13;

--
-- AUTO_INCREMENT untuk tabel `users`
--
ALTER TABLE `users`
  MODIFY `id` bigint(20) UNSIGNED NOT NULL AUTO_INCREMENT, AUTO_INCREMENT=11;

--
-- Ketidakleluasaan untuk tabel pelimpahan (Dumped Tables)
--

--
-- Ketidakleluasaan untuk tabel `contacts`
--
ALTER TABLE `contacts`
  ADD CONSTRAINT `FK_contacts_contacts` FOREIGN KEY (`parent_id`) REFERENCES `contacts` (`id`) ON DELETE CASCADE ON UPDATE NO ACTION;

--
-- Ketidakleluasaan untuk tabel `customers`
--
ALTER TABLE `customers`
  ADD CONSTRAINT `FK_customers_users` FOREIGN KEY (`user_id`) REFERENCES `users` (`id`) ON DELETE NO ACTION ON UPDATE CASCADE;

--
-- Ketidakleluasaan untuk tabel `orders`
--
ALTER TABLE `orders`
  ADD CONSTRAINT `FK_orders_coupons` FOREIGN KEY (`coupon_id`) REFERENCES `coupons` (`id`) ON DELETE SET NULL ON UPDATE CASCADE,
  ADD CONSTRAINT `FK_orders_users` FOREIGN KEY (`user_id`) REFERENCES `users` (`id`) ON DELETE NO ACTION ON UPDATE CASCADE;

--
-- Ketidakleluasaan untuk tabel `order_items`
--
ALTER TABLE `order_items`
  ADD CONSTRAINT `order_items_ibfk_1` FOREIGN KEY (`order_id`) REFERENCES `orders` (`id`) ON DELETE CASCADE ON UPDATE NO ACTION,
  ADD CONSTRAINT `order_items_ibfk_2` FOREIGN KEY (`product_id`) REFERENCES `products` (`id`) ON DELETE CASCADE ON UPDATE NO ACTION;
COMMIT;

/*!40101 SET CHARACTER_SET_CLIENT=@OLD_CHARACTER_SET_CLIENT */;
/*!40101 SET CHARACTER_SET_RESULTS=@OLD_CHARACTER_SET_RESULTS */;
/*!40101 SET COLLATION_CONNECTION=@OLD_COLLATION_CONNECTION */;
