-- phpMyAdmin SQL Dump
-- version 5.2.0
-- https://www.phpmyadmin.net/
--
-- Host: 127.0.0.1
-- Waktu pembuatan: 22 Jun 2025 pada 07.50
-- Versi server: 10.4.24-MariaDB
-- Versi PHP: 7.4.29

SET SQL_MODE = "NO_AUTO_VALUE_ON_ZERO";
START TRANSACTION;
SET time_zone = "+00:00";


/*!40101 SET @OLD_CHARACTER_SET_CLIENT=@@CHARACTER_SET_CLIENT */;
/*!40101 SET @OLD_CHARACTER_SET_RESULTS=@@CHARACTER_SET_RESULTS */;
/*!40101 SET @OLD_COLLATION_CONNECTION=@@COLLATION_CONNECTION */;
/*!40101 SET NAMES utf8mb4 */;

--
-- Database: `ecommerce`
--

-- --------------------------------------------------------

--
-- Struktur dari tabel `ci_sessions`
--

CREATE TABLE `ci_sessions` (
  `id` varchar(128) NOT NULL,
  `ip_address` varchar(45) NOT NULL,
  `timestamp` int(10) UNSIGNED NOT NULL DEFAULT 0,
  `data` blob NOT NULL
) ENGINE=InnoDB DEFAULT CHARSET=utf8mb4;

--
-- Dumping data untuk tabel `ci_sessions`
--

INSERT INTO `ci_sessions` (`id`, `ip_address`, `timestamp`, `data`) VALUES
('mmk1l5csfsdsfj49i2of90u93urbc5ov', '::1', 1750556697, 0x5f5f63695f6c6173745f726567656e65726174657c693a313735303535363639373b),
('tvomgbsf4cg5d2krhkvutc6m28368a4m', '::1', 1750556928, 0x5f5f63695f6c6173745f726567656e65726174657c693a313735303535363932383b7265646972656374696f6e7c4e3b6c6f67696e5f666c6173687c733a31353a2250617373776f72642073616c616821223b5f5f63695f766172737c613a323a7b733a31313a226c6f67696e5f666c617368223b733a333a226f6c64223b733a31323a226f6c645f757365726e616d65223b733a333a226f6c64223b7d6f6c645f757365726e616d657c733a353a2261646d696e223b),
('6gvfqlami74oj5kv7m2oih22u6aapfr7', '::1', 1750559948, 0x5f5f63695f6c6173745f726567656e65726174657c693a313735303535393934383b),
('vo95o4d1rf6o3ak8lq59nvrs4017a1df', '::1', 1750557244, 0x5f5f63695f6c6173745f726567656e65726174657c693a313735303535373234343b7265646972656374696f6e7c4e3b5f5f4143544956455f53455353494f4e5f444154417c733a3235363a223064366364633031643431396331663864373530623164373332393034343333636639323234613165633663393230303665653735316464633831323930316134656231303139363863623336313938303266653465653633306631663966353164376366366138353038333530386365313139316361636334653830616165556d4e74396b57555376764c442f6f654635674b4c2f517a53353773497853696f674c744d2f5979476e42426e4c74483477744535376666654d6b7633514771306448583351436c2f52784554484c796a4b6f664a657879414d364a4c5930746d4d6f663175624d75367a37304b3770634a4e2b696466723231565847725834223b),
('l4551nrmqc6tt4mn419su2bdlgov6qtd', '::1', 1750557548, 0x5f5f63695f6c6173745f726567656e65726174657c693a313735303535373534383b7265646972656374696f6e7c4e3b5f5f4143544956455f53455353494f4e5f444154417c733a3235363a223064366364633031643431396331663864373530623164373332393034343333636639323234613165633663393230303665653735316464633831323930316134656231303139363863623336313938303266653465653633306631663966353164376366366138353038333530386365313139316361636334653830616165556d4e74396b57555376764c442f6f654635674b4c2f517a53353773497853696f674c744d2f5979476e42426e4c74483477744535376666654d6b7633514771306448583351436c2f52784554484c796a4b6f664a657879414d364a4c5930746d4d6f663175624d75367a37304b3770634a4e2b696466723231565847725834223b),
('mirhquf95sh99akqv76j0o20v4tri1po', '::1', 1750557858, 0x5f5f63695f6c6173745f726567656e65726174657c693a313735303535373835383b7265646972656374696f6e7c4e3b5f5f4143544956455f53455353494f4e5f444154417c733a3235363a223064366364633031643431396331663864373530623164373332393034343333636639323234613165633663393230303665653735316464633831323930316134656231303139363863623336313938303266653465653633306631663966353164376366366138353038333530386365313139316361636334653830616165556d4e74396b57555376764c442f6f654635674b4c2f517a53353773497853696f674c744d2f5979476e42426e4c74483477744535376666654d6b7633514771306448583351436c2f52784554484c796a4b6f664a657879414d364a4c5930746d4d6f663175624d75367a37304b3770634a4e2b696466723231565847725834223b),
('b3sm78rhie7pcm0mqu5cjfljmkn2j7h9', '::1', 1750558237, 0x5f5f63695f6c6173745f726567656e65726174657c693a313735303535383233373b7265646972656374696f6e7c4e3b5f5f4143544956455f53455353494f4e5f444154417c733a3235363a223064366364633031643431396331663864373530623164373332393034343333636639323234613165633663393230303665653735316464633831323930316134656231303139363863623336313938303266653465653633306631663966353164376366366138353038333530386365313139316361636334653830616165556d4e74396b57555376764c442f6f654635674b4c2f517a53353773497853696f674c744d2f5979476e42426e4c74483477744535376666654d6b7633514771306448583351436c2f52784554484c796a4b6f664a657879414d364a4c5930746d4d6f663175624d75367a37304b3770634a4e2b696466723231565847725834223b),
('2sum6moisbcc5c2up6825tf826l2m870', '::1', 1750558633, 0x5f5f63695f6c6173745f726567656e65726174657c693a313735303535383633333b7265646972656374696f6e7c4e3b5f5f4143544956455f53455353494f4e5f444154417c733a3235363a223064366364633031643431396331663864373530623164373332393034343333636639323234613165633663393230303665653735316464633831323930316134656231303139363863623336313938303266653465653633306631663966353164376366366138353038333530386365313139316361636334653830616165556d4e74396b57555376764c442f6f654635674b4c2f517a53353773497853696f674c744d2f5979476e42426e4c74483477744535376666654d6b7633514771306448583351436c2f52784554484c796a4b6f664a657879414d364a4c5930746d4d6f663175624d75367a37304b3770634a4e2b696466723231565847725834223b),
('0dmc50919ovmptuvq5ur7o3p811r35nv', '::1', 1750559149, 0x5f5f63695f6c6173745f726567656e65726174657c693a313735303535393134393b7265646972656374696f6e7c4e3b5f5f4143544956455f53455353494f4e5f444154417c733a3235363a223064366364633031643431396331663864373530623164373332393034343333636639323234613165633663393230303665653735316464633831323930316134656231303139363863623336313938303266653465653633306631663966353164376366366138353038333530386365313139316361636334653830616165556d4e74396b57555376764c442f6f654635674b4c2f517a53353773497853696f674c744d2f5979476e42426e4c74483477744535376666654d6b7633514771306448583351436c2f52784554484c796a4b6f664a657879414d364a4c5930746d4d6f663175624d75367a37304b3770634a4e2b696466723231565847725834223b),
('25kt8acsulg91kofmhjnng2euapeht4j', '::1', 1750559464, 0x5f5f63695f6c6173745f726567656e65726174657c693a313735303535393436343b7265646972656374696f6e7c4e3b5f5f4143544956455f53455353494f4e5f444154417c733a3235363a22343862353261623338323431373961316332386239323861326538356638303362396261346532653532326333306334393236633865653735333135316435393132656535303138383830626132333935306139313336613934336166373335316132383130333732623130663334376261303238646538313632313632626652437046513632635a4a5936556969526633574945384e36682b6c674b5334616e7633513359424a6d6a704c616b41366d35582b64493438772b33447a775430337667595537434144357531486263786131346b4e4872434566704f705577664468547438365349364d6e346b4d7847692f4e6d534f57754e54513047597167223b),
('0tbkrsentigbuc6p9trnad3e8e86otbm', '::1', 1750559768, 0x5f5f63695f6c6173745f726567656e65726174657c693a313735303535393736383b7265646972656374696f6e7c4e3b5f5f4143544956455f53455353494f4e5f444154417c733a3235363a22343862353261623338323431373961316332386239323861326538356638303362396261346532653532326333306334393236633865653735333135316435393132656535303138383830626132333935306139313336613934336166373335316132383130333732623130663334376261303238646538313632313632626652437046513632635a4a5936556969526633574945384e36682b6c674b5334616e7633513359424a6d6a704c616b41366d35582b64493438772b33447a775430337667595537434144357531486263786131346b4e4872434566704f705577664468547438365349364d6e346b4d7847692f4e6d534f57754e54513047597167223b6f726465725f666c6173687c733a32363a224f7264657220626572686173696c20646974616d6261686b616e223b5f5f63695f766172737c613a313a7b733a31313a226f726465725f666c617368223b733a333a226f6c64223b7d),
('f92ha4ojnjvvnd2kojiuvhodeslmbpeh', '::1', 1750560083, 0x5f5f63695f6c6173745f726567656e65726174657c693a313735303536303038333b7265646972656374696f6e7c4e3b5f5f4143544956455f53455353494f4e5f444154417c733a3235363a22343862353261623338323431373961316332386239323861326538356638303362396261346532653532326333306334393236633865653735333135316435393132656535303138383830626132333935306139313336613934336166373335316132383130333732623130663334376261303238646538313632313632626652437046513632635a4a5936556969526633574945384e36682b6c674b5334616e7633513359424a6d6a704c616b41366d35582b64493438772b33447a775430337667595537434144357531486263786131346b4e4872434566704f705577664468547438365349364d6e346b4d7847692f4e6d534f57754e54513047597167223b),
('jhtn3b5rncohpmemm245l18hp1nknie8', '::1', 1750560043, 0x5f5f63695f6c6173745f726567656e65726174657c693a313735303535393934383b7265646972656374696f6e7c4e3b5f5f4143544956455f53455353494f4e5f444154417c733a3235363a22303536653530343837376166666364363061623264613339303332613336303232363230656361663835303137326261326261666638383561323565333630666631333637363765363136313439336639346663623133646537343161643361613835316637346337323335306230383064653034366538376461623636633675534b6a6f53796d6b6478436c35376246667464336e6e536b56346f72535274727669545a784a424f412b474c584c574852414d6855706a6d3675307841455864324f6a6274535a3078753867574c462f56397854576e3072566661625845674563414c48336f6d46354759302f566d68353043384848574f36566143683365223b6f726465725f666c6173687c733a32363a2253746174757320626572686173696c2064697065726261727569223b5f5f63695f766172737c613a313a7b733a31313a226f726465725f666c617368223b733a333a226f6c64223b7d),
('09spgl9m7h1mi1bcpjq57khak69n9e8s', '::1', 1750560546, 0x5f5f63695f6c6173745f726567656e65726174657c693a313735303536303534363b7265646972656374696f6e7c4e3b),
('dnqagdvgboru2tbg6v9gifrron4rsb8a', '::1', 1750560874, 0x5f5f63695f6c6173745f726567656e65726174657c693a313735303536303837343b7265646972656374696f6e7c4e3b),
('uqc9csb191ev6q4qfp3mnnn7r683d631', '::1', 1750561314, 0x5f5f63695f6c6173745f726567656e65726174657c693a313735303536313331343b7265646972656374696f6e7c4e3b),
('iq98v3vhep78b4m33ieph36tjt8ekj55', '::1', 1750561758, 0x5f5f63695f6c6173745f726567656e65726174657c693a313735303536313735383b7265646972656374696f6e7c4e3b),
('dc3dh65ou19nophdkd5aeou1n33ofpu6', '::1', 1750562061, 0x5f5f63695f6c6173745f726567656e65726174657c693a313735303536323036313b7265646972656374696f6e7c4e3b),
('31ssqui158ae6vt30jljrrm2lnt1a8ip', '::1', 1750562513, 0x5f5f63695f6c6173745f726567656e65726174657c693a313735303536323531333b7265646972656374696f6e7c4e3b),
('lbohl5q4fukolh1uc3dn0b18l81mtr09', '::1', 1750562947, 0x5f5f63695f6c6173745f726567656e65726174657c693a313735303536323934373b7265646972656374696f6e7c4e3b5f5f4143544956455f53455353494f4e5f444154417c733a3235363a223064646465303938643638646464353133343535336238666639626533633431646537333066316239343166666234373038353738613162653361633837656639616466653233393033636331313666343662363734393633316630306165663964623730393338626266313261613939333831633731626231366661636366386267762b434d6c3342302b32752b30375a7048613277716666517a5165466c394c51595333437a75413247646a2f6b4a4b545a504536743648555061673031596f44645132632f774159474542304c66394d373668514c674e6a3951786b584643552b4444474334472b42795655504d64776a684f3256654745377038476c223b),
('76eof5vnlqgtqbd0g9460pbolb9a3h7r', '::1', 1750563349, 0x5f5f63695f6c6173745f726567656e65726174657c693a313735303536333334393b7265646972656374696f6e7c4e3b5f5f4143544956455f53455353494f4e5f444154417c733a3235363a223064646465303938643638646464353133343535336238666639626533633431646537333066316239343166666234373038353738613162653361633837656639616466653233393033636331313666343662363734393633316630306165663964623730393338626266313261613939333831633731626231366661636366386267762b434d6c3342302b32752b30375a7048613277716666517a5165466c394c51595333437a75413247646a2f6b4a4b545a504536743648555061673031596f44645132632f774159474542304c66394d373668514c674e6a3951786b584643552b4444474334472b42795655504d64776a684f3256654745377038476c223b),
('0ql60r4hhsmfg8fbr28mn5che58d6far', '::1', 1750565724, 0x5f5f63695f6c6173745f726567656e65726174657c693a313735303536353732343b7265646972656374696f6e7c4e3b5f5f4143544956455f53455353494f4e5f444154417c733a3235363a223064646465303938643638646464353133343535336238666639626533633431646537333066316239343166666234373038353738613162653361633837656639616466653233393033636331313666343662363734393633316630306165663964623730393338626266313261613939333831633731626231366661636366386267762b434d6c3342302b32752b30375a7048613277716666517a5165466c394c51595333437a75413247646a2f6b4a4b545a504536743648555061673031596f44645132632f774159474542304c66394d373668514c674e6a3951786b584643552b4444474334472b42795655504d64776a684f3256654745377038476c223b),
('7fgov86p348thu4b4hik7rohrb2tn6vg', '::1', 1750566227, 0x5f5f63695f6c6173745f726567656e65726174657c693a313735303536363232373b7265646972656374696f6e7c4e3b6c6f67696e5f666c6173687c733a31353a2250617373776f72642073616c616821223b5f5f63695f766172737c613a323a7b733a31313a226c6f67696e5f666c617368223b733a333a226f6c64223b733a31323a226f6c645f757365726e616d65223b733a333a226f6c64223b7d6f6c645f757365726e616d657c733a383a226b6172796177616e223b),
('7ji9vmtlmhgkh022kmdoam1l6mhnr57k', '::1', 1750566742, 0x5f5f63695f6c6173745f726567656e65726174657c693a313735303536363734323b7265646972656374696f6e7c4e3b6c6f67696e5f666c6173687c733a31353a2250617373776f72642073616c616821223b5f5f63695f766172737c613a323a7b733a31313a226c6f67696e5f666c617368223b733a333a226f6c64223b733a31323a226f6c645f757365726e616d65223b733a333a226f6c64223b7d6f6c645f757365726e616d657c733a383a226b6172796177616e223b),
('mcqk18omov1uj5u77vt9bidb2hdnls77', '::1', 1750567469, 0x5f5f63695f6c6173745f726567656e65726174657c693a313735303536373436393b7265646972656374696f6e7c4e3b5f5f4143544956455f53455353494f4e5f444154417c733a3235363a22323663623532643463356363643739333637366330626263336164366139623037333366626162316230363238306134313861346163653835626134376534643662663636393637623430376663313863623563313532383731323031363236613934353861633963353836663737373664356433306164663061313436303766716d6e5a5879524b707652596d356d534769357a34366b5450774c574d326b5364364752496730532f4a5a493732576b5a59486871477931777a716730626f6b6b4f764a7848516945774e303772336e395055786b79456c674c4a3832516665414776723839346553445a494c49707678765959764c33723138556a364a2f223b),
('2o67o37hdv8n02c5tg2rfv2m91prr11v', '::1', 1750567913, 0x5f5f63695f6c6173745f726567656e65726174657c693a313735303536373931333b7265646972656374696f6e7c4e3b5f5f4143544956455f53455353494f4e5f444154417c733a3235363a22303264373330663866616238636135306439333362653930643039373137393063356666643264333036646335353036346637383462363031623733656435353833303364333762333633316237373031633232396231346632303337396538616161326531316464383533643034353037373661386138653566653837633731455a4266684236485063314e585a5a4d2b4f54355561534c483047636a324e6263676a694b3976663062343336683372566154643173565a6f7756716d6761416b3833332f325a566861332b31692b677336715870475759754534636e39513835506132315558354f79797a4b573665526e677a366735516330373472376d223b),
('c6ag6t8l7df1rdhujourgo899f8p7n3g', '::1', 1750570605, 0x5f5f63695f6c6173745f726567656e65726174657c693a313735303537303630353b7265646972656374696f6e7c4e3b5f5f4143544956455f53455353494f4e5f444154417c733a3235363a22323536316137326632656630396433303338313430656663656133353038616130633439393233383533363361386232626362363834626461303233376139363437343662613664663461316436336232343464303138336336626335366266326232623665666137333535316361383835363865303363366639346164346430636b786b6876614c6a746854596457384a70454654457473713345326d4a787745386879684134574c6d33373746426d342f41767a344970704d7772394c4b79597955494652436c4e48414d366b6f39326c6a784f7639787135462b77733544794f426c476c4e794c4675797a32483131412f572b653254742f504d666649223b),
('cplitnjm4hpbta2uo4cc1819c6j13455', '::1', 1750570925, 0x5f5f63695f6c6173745f726567656e65726174657c693a313735303537303932353b5f5f4143544956455f53455353494f4e5f444154417c733a3235363a2230643232353264366531643662656665363735313434623532633039353638376637396237383632373335376333666634306162333333306539313837633466623461626266623430323562356363373335616564646130323831316331613161393961303566343330386232356231396436396335346564616563393239616237336f55735236453544516d4e42667073355861476332576a356d6e355257307a4d65473241624f41564b54533276626b72496a35454f30547a4e6b396e615874634f516c70546b6c626d4c46496179426e5a6b33794d30467377796e68364c52703230645562546a5154505552466d54654d483979576844464358427354223b636172745f636f6e74656e74737c613a333a7b733a31303a22636172745f746f74616c223b643a3135303030303b733a31313a22746f74616c5f6974656d73223b643a313b733a33323a223136373930393163356138383066616636666235653630383765623162326463223b613a363a7b733a323a226964223b733a313a2236223b733a333a22717479223b643a313b733a353a227072696365223b643a3135303030303b733a343a226e616d65223b733a31343a22526f636b2050686f737068617465223b733a353a22726f776964223b733a33323a223136373930393163356138383066616636666235653630383765623162326463223b733a383a22737562746f74616c223b643a3135303030303b7d7d),
('nl9pb5oqlqfj19j5bgummf9udodtar6k', '::1', 1750571226, 0x5f5f63695f6c6173745f726567656e65726174657c693a313735303537313232363b5f5f4143544956455f53455353494f4e5f444154417c733a3235363a226130316239626239663134653530393638623962383135613961323438333239346431623139336663393239306436613032636362623037313133326132383738636361326430303161336462643335323231343932333234346366323930646138646437633738643233666135353533626365363666623562656136396639786c566336554e702f53332f4d686c39646f4975412b6a6456494b6944756c39705752567256767641472f5336654a644b2b475a5665566b4162776a4c4a42514236557642624e31417a5068537a373331443344306b735244667764474565646c4338436c6f736837583775513041586f79475a32546975386b5569714c2b6a223b),
('v19apl7qm586hkiceh99n4vkra1tf9rf', '::1', 1750571258, 0x5f5f63695f6c6173745f726567656e65726174657c693a313735303537313232363b5f5f4143544956455f53455353494f4e5f444154417c733a3235363a2237653964313934396436643439313237613138366430393435363765353561346131353833383934333765633263366535353736356133346435333935396164613031623436623733653866643065386237626230396162336636633736666339623563363666393231623832666330326663653664333939333131306233397452594f6f667a7a6e394c66773678436875474e4f5765707a534a523752446336504e535050636e722b67767a5077414a576c61484c4958654d5943654e4a6d417143326845793034386750386f315a63477168393745734c7248546c6c616c547672687178625264496f444f394c556b756d78334930416170305a4975785a223b),
('sb86vko6q83aebufc0ciuvmkfhdbh9l5', '::1', 1750571364, 0x5f5f63695f6c6173745f726567656e65726174657c693a313735303537313237323b5f5f4143544956455f53455353494f4e5f444154417c733a3235363a2264643863626434333336336634653739386262633763363163373563616431353335656438383435633966353531393361366663366631636430633562623862653031343665393033306431613965666633623138343637646436633362376334353032393235306534383136306264323435643135333030656431346134656873314a6558676c6b6537384c334b68524e52516b326a676252312f63334b7039326a504a79646b494d35512f6a3173585a4e4833512f6170392b793057683078573641392f793241426747505a2b4b6f6a744e45787467307867666b33645a394e454b54474b4b74574c704173763965307731356f47517859447430356f2b223b);

-- --------------------------------------------------------

--
-- Struktur dari tabel `contacts`
--

CREATE TABLE `contacts` (
  `id` int(10) NOT NULL,
  `parent_id` int(10) DEFAULT NULL,
  `name` varchar(32) NOT NULL,
  `subject` varchar(128) DEFAULT NULL,
  `email` varchar(64) NOT NULL,
  `message` mediumtext NOT NULL,
  `contact_date` datetime DEFAULT NULL,
  `status` tinyint(1) DEFAULT 1,
  `reply_at` datetime DEFAULT NULL
) ENGINE=InnoDB DEFAULT CHARSET=utf8mb4;

--
-- Dumping data untuk tabel `contacts`
--

INSERT INTO `contacts` (`id`, `parent_id`, `name`, `subject`, `email`, `message`, `contact_date`, `status`, `reply_at`) VALUES
(1, NULL, 'Krisna Mukti', 'Pengiriman kok lama?', 'krisnamukti@gmail.com', 'pengiriman pesanan saya kok lama ya', '2022-11-20 07:40:13', 2, NULL);

-- --------------------------------------------------------

--
-- Struktur dari tabel `coupons`
--

CREATE TABLE `coupons` (
  `id` bigint(20) NOT NULL,
  `name` varchar(191) NOT NULL,
  `code` varchar(32) NOT NULL,
  `credit` decimal(8,2) NOT NULL,
  `start_date` date NOT NULL,
  `expired_date` date NOT NULL,
  `is_active` tinyint(4) DEFAULT 1
) ENGINE=InnoDB DEFAULT CHARSET=utf8mb4;

--
-- Dumping data untuk tabel `coupons`
--

INSERT INTO `coupons` (`id`, `name`, `code`, `credit`, `start_date`, `expired_date`, `is_active`) VALUES
(4, 'Spesial_Juni', 'JUNIDISKON', '5000.00', '2025-06-22', '2025-06-30', 1),
(5, 'Diskon Sampai Akhir Tahun 2025', 'diskon2025', '10000.00', '2025-01-01', '2025-12-31', 1);

-- --------------------------------------------------------

--
-- Struktur dari tabel `customers`
--

CREATE TABLE `customers` (
  `id` bigint(20) NOT NULL,
  `user_id` bigint(20) UNSIGNED DEFAULT NULL,
  `name` varchar(191) NOT NULL,
  `phone_number` varchar(32) DEFAULT NULL,
  `address` varchar(191) NOT NULL,
  `profile_picture` varchar(191) DEFAULT NULL
) ENGINE=InnoDB DEFAULT CHARSET=utf8mb4;

--
-- Dumping data untuk tabel `customers`
--

INSERT INTO `customers` (`id`, `user_id`, `name`, `phone_number`, `address`, `profile_picture`) VALUES
(6, 2, 'akun pembeli', '081235595153', 'taluk', 'agung.png'),
(8, 9, 'boy', '9213279398989', 'pku', NULL),
(9, 10, 'ramos', '082268594598', 'taluk', NULL);

-- --------------------------------------------------------

--
-- Struktur dari tabel `orders`
--

CREATE TABLE `orders` (
  `id` bigint(20) NOT NULL,
  `user_id` bigint(20) UNSIGNED DEFAULT NULL,
  `coupon_id` bigint(20) DEFAULT NULL,
  `order_number` varchar(16) NOT NULL,
  `order_status` enum('1','2','3','4','5') DEFAULT '1',
  `order_date` datetime NOT NULL,
  `total_price` decimal(10,2) DEFAULT NULL,
  `total_items` int(10) DEFAULT NULL,
  `payment_method` int(11) DEFAULT 1,
  `delivery_data` text DEFAULT NULL,
  `delivered_date` datetime DEFAULT NULL,
  `finish_date` datetime DEFAULT NULL
) ENGINE=InnoDB DEFAULT CHARSET=utf8mb4;

--
-- Dumping data untuk tabel `orders`
--

INSERT INTO `orders` (`id`, `user_id`, `coupon_id`, `order_number`, `order_status`, `order_date`, `total_price`, `total_items`, `payment_method`, `delivery_data`, `delivered_date`, `finish_date`) VALUES
(18, 2, NULL, 'JOP2262512908', '2', '2025-06-22 12:42:40', '175000.00', 1, 1, '{\"customer\":{\"name\":\"akun pembeli\",\"phone_number\":\"081235595153\",\"address\":\"taluk\"},\"note\":\"\"}', NULL, NULL);

-- --------------------------------------------------------

--
-- Struktur dari tabel `order_items`
--

CREATE TABLE `order_items` (
  `id` bigint(20) NOT NULL,
  `order_id` bigint(20) DEFAULT NULL,
  `product_id` bigint(20) DEFAULT NULL,
  `order_qty` int(10) NOT NULL,
  `order_price` decimal(10,2) DEFAULT NULL
) ENGINE=InnoDB DEFAULT CHARSET=utf8mb4;

--
-- Dumping data untuk tabel `order_items`
--

INSERT INTO `order_items` (`id`, `order_id`, `product_id`, `order_qty`, `order_price`) VALUES
(5, 18, 6, 1, '150000.00');

-- --------------------------------------------------------

--
-- Struktur dari tabel `payments`
--

CREATE TABLE `payments` (
  `id` bigint(20) NOT NULL,
  `order_id` bigint(20) DEFAULT NULL,
  `payment_price` decimal(10,2) DEFAULT NULL,
  `payment_date` datetime NOT NULL,
  `picture_name` varchar(191) DEFAULT NULL,
  `payment_status` enum('1','2','3') DEFAULT '1',
  `confirmed_date` datetime DEFAULT NULL,
  `payment_data` text DEFAULT NULL
) ENGINE=InnoDB DEFAULT CHARSET=utf8mb4;

--
-- Dumping data untuk tabel `payments`
--

INSERT INTO `payments` (`id`, `order_id`, `payment_price`, `payment_date`, `picture_name`, `payment_status`, `confirmed_date`, `payment_data`) VALUES
(10, 18, '175000.00', '2025-06-22 12:44:23', 'Bukti2.png', '2', NULL, '{\"transfer_to\":\"bank-mandiri\",\"source\":{\"bank\":\"Bank BSI\",\"name\":\"pembeli\",\"number\":\"9878067\"}}');

-- --------------------------------------------------------

--
-- Struktur dari tabel `products`
--

CREATE TABLE `products` (
  `id` bigint(20) NOT NULL,
  `category_id` int(10) DEFAULT NULL,
  `sku` varchar(32) DEFAULT NULL,
  `name` varchar(191) NOT NULL,
  `description` varchar(191) DEFAULT NULL,
  `picture_name` varchar(191) DEFAULT NULL,
  `price` decimal(10,2) NOT NULL,
  `current_discount` decimal(8,2) DEFAULT 0.00,
  `stock` int(10) NOT NULL,
  `product_unit` varchar(32) DEFAULT NULL,
  `is_available` tinyint(1) DEFAULT 1,
  `add_date` datetime DEFAULT NULL
) ENGINE=InnoDB DEFAULT CHARSET=utf8mb4;

--
-- Dumping data untuk tabel `products`
--

INSERT INTO `products` (`id`, `category_id`, `sku`, `name`, `description`, `picture_name`, `price`, `current_discount`, `stock`, `product_unit`, `is_available`, `add_date`) VALUES
(1, 1, 'CT202201', 'NPK Mutiara 16-16-16', NULL, 'p1.jpg', '730000.00', '0.00', 30, 'Perkarung', 1, '2022-08-10 15:02:52'),
(2, 1, 'CN202202', 'NPK Phonska Plus 15-15-15', NULL, 'p2.jpg', '310000.00', '0.00', 50, 'Perkarung', 1, '2022-08-10 15:03:40'),
(3, 1, 'CT202203', 'NPK 12-12-17-2 + TE', NULL, 'p3.jpg', '390000.00', '0.00', 30, 'Perkarung', 1, '2022-08-10 19:36:30'),
(4, 1, 'CT202204', 'Organik Lengkap', NULL, 'p4.jpg', '150000.00', '0.00', 30, 'Perkarung', 1, '2022-08-10 19:36:51'),
(5, 1, 'CT202205', 'KCL Origin Of Canada (Kalium Klorida)', NULL, 'p5.jpg', '385000.00', '0.00', 30, 'Perkarung', 1, '2022-08-10 19:38:05'),
(6, 1, 'CT202206', 'Rock Phosphate', NULL, 'p6.jpg', '150000.00', '0.00', 10, 'Perkarung', 1, '2022-08-10 15:13:51'),
(7, 1, 'CN202207', 'Dolomit', NULL, 'p7.jpg', '55000.00', '5000.00', 30, 'Perkarung', 1, '2022-11-20 14:37:14'),
(8, 1, 'CN202208', 'NPK 13-8-27-4 + 0.5B', NULL, 'p8.jpg', '465000.00', '0.00', 30, 'Perkarung', 1, '2022-11-20 14:37:14'),
(9, 2, 'CN202209', 'Pupuk TSP', NULL, 'p9.jpg', '530000.00', '0.00', 0, 'Perkarung', NULL, '2022-11-20 14:50:26'),
(10, 2, 'CN202210', 'Pupuk Urea', NULL, 'p10.jpg', '385000.00', '0.00', 0, 'Perkarung', NULL, '2022-11-20 15:20:58');

-- --------------------------------------------------------

--
-- Struktur dari tabel `product_category`
--

CREATE TABLE `product_category` (
  `id` int(10) NOT NULL,
  `name` varchar(191) NOT NULL
) ENGINE=InnoDB DEFAULT CHARSET=utf8mb4;

--
-- Dumping data untuk tabel `product_category`
--

INSERT INTO `product_category` (`id`, `name`) VALUES
(1, 'Pupuk Tersedia'),
(2, 'Pupuk Tidak Tersedia');

-- --------------------------------------------------------

--
-- Struktur dari tabel `reviews`
--

CREATE TABLE `reviews` (
  `id` bigint(20) NOT NULL,
  `user_id` bigint(20) UNSIGNED DEFAULT NULL,
  `order_id` bigint(20) DEFAULT NULL,
  `title` varchar(191) DEFAULT NULL,
  `review_text` mediumtext NOT NULL,
  `review_date` datetime NOT NULL,
  `status` tinyint(1) NOT NULL DEFAULT 1
) ENGINE=InnoDB DEFAULT CHARSET=utf8mb4;

--
-- Dumping data untuk tabel `reviews`
--

INSERT INTO `reviews` (`id`, `user_id`, `order_id`, `title`, `review_text`, `review_date`, `status`) VALUES
(4, 2, 16, 'Nyaman', 'Sip', '2022-12-07 11:20:59', 1);

-- --------------------------------------------------------

--
-- Struktur dari tabel `settings`
--

CREATE TABLE `settings` (
  `id` int(10) NOT NULL,
  `key` varchar(32) NOT NULL,
  `content` text NOT NULL
) ENGINE=InnoDB DEFAULT CHARSET=utf8mb4;

--
-- Dumping data untuk tabel `settings`
--

INSERT INTO `settings` (`id`, `key`, `content`) VALUES
(1, 'current_theme_name', 'Converse'),
(2, 'store_name', 'Pendistribusian Pupuk Kelapa Sawit'),
(3, 'store_phone_number', '0822-6859-4598'),
(4, 'store_email', 'fidelramos@gmail.com'),
(5, 'store_tagline', 'Pupuk Kami 100% Berkualitas'),
(6, 'store_logo', 'Logo.png'),
(7, 'max_product_image_size', '20000'),
(8, 'store_description', 'Belanja Pupuk Sekarang Dengan Harga Murah, Mudah Dan Cepat'),
(9, 'store_address', 'Teluk Beringin\r\n'),
(10, 'min_shop_to_free_shipping_cost', '1500000'),
(11, 'shipping_cost', '25000'),
(12, 'payment_banks', '{\"bank-mandiri\":{\"bank\":\"BANK MANDIRI\",\"number\":\"2408-1994-2004\",\"name\":\"Fidel Ramos\"},\"bank-bni\":{\"bank\":\"BANK BNI\",\"number\":\"3108-1994-2004\",\"name\":\"Fidel Ramos\"},\"allo-bank\":{\"bank\":\"ALLO BANK\",\"number\":\"082281842852\",\"name\":\"Fidel Ramos\"}}');

-- --------------------------------------------------------

--
-- Struktur dari tabel `users`
--

CREATE TABLE `users` (
  `id` bigint(20) UNSIGNED NOT NULL,
  `name` varchar(50) COLLATE utf8mb4_unicode_ci DEFAULT NULL,
  `email` varchar(191) COLLATE utf8mb4_unicode_ci NOT NULL,
  `email_verified_at` timestamp NULL DEFAULT NULL,
  `username` varchar(16) COLLATE utf8mb4_unicode_ci NOT NULL,
  `password` varchar(191) COLLATE utf8mb4_unicode_ci NOT NULL,
  `profile_picture` varchar(128) COLLATE utf8mb4_unicode_ci DEFAULT NULL,
  `role` varchar(32) COLLATE utf8mb4_unicode_ci DEFAULT '0' COMMENT '1 = admin, 2 = customer',
  `register_date` datetime DEFAULT NULL
) ENGINE=InnoDB DEFAULT CHARSET=utf8mb4 COLLATE=utf8mb4_unicode_ci;

--
-- Dumping data untuk tabel `users`
--

INSERT INTO `users` (`id`, `name`, `email`, `email_verified_at`, `username`, `password`, `profile_picture`, `role`, `register_date`) VALUES
(1, 'Admin', 'admin@local.test', NULL, 'admin', '$2y$10$Brm3RNWFKvZ1e0ej1vBz9.QbFMW21q0l/iDSt5aDOoGj9zlLFuxh6', 'agung1.png', 'admin', NULL),
(2, 'Customer Converse', 'customer@local.test', NULL, 'customer', '$2y$10$6C/A5Yy1gt4yhStWDWN1M.isBaznzDc.MZJdIj7UddW3.qIX5vDvK', NULL, 'customer', '2020-03-29 08:14:30'),
(3, 'karyawan', 'karyawan@gmail.com', NULL, 'karyawan', '$2y$10$Brm3RNWFKvZ1e0ej1vBz9.QbFMW21q0l/iDSt5aDOoGj9zlLFuxh6', 'agung1.png', 'karyawan', NULL),
(9, NULL, 'boy@gmail.com', NULL, 'boy2025', '$2y$10$DoViegQ7jkX7TrycAmq4J.u3bmjJbEYRKb0DTtk8fhgl/yVIh7B2a', NULL, 'customer', '2025-06-21 18:14:40'),
(10, NULL, 'ramos@gmail.com', NULL, 'ramos', '$2y$10$CxwUfkSpnSN7EZTY5STjHuhMUOxtBKUc6eqUFKdAjXVA0g3EgDtdG', NULL, 'customer', '2025-06-22 10:10:40');

--
-- Indexes for dumped tables
--

--
-- Indeks untuk tabel `ci_sessions`
--
ALTER TABLE `ci_sessions`
  ADD KEY `ci_sessions_timestamp` (`timestamp`);

--
-- Indeks untuk tabel `contacts`
--
ALTER TABLE `contacts`
  ADD PRIMARY KEY (`id`),
  ADD KEY `FK_contacts_contacts` (`parent_id`);

--
-- Indeks untuk tabel `coupons`
--
ALTER TABLE `coupons`
  ADD PRIMARY KEY (`id`);

--
-- Indeks untuk tabel `customers`
--
ALTER TABLE `customers`
  ADD PRIMARY KEY (`id`),
  ADD KEY `FK_customers_users` (`user_id`);

--
-- Indeks untuk tabel `orders`
--
ALTER TABLE `orders`
  ADD PRIMARY KEY (`id`),
  ADD KEY `FK_orders_users` (`user_id`),
  ADD KEY `FK_orders_coupons` (`coupon_id`);

--
-- Indeks untuk tabel `order_items`
--
ALTER TABLE `order_items`
  ADD PRIMARY KEY (`id`),
  ADD KEY `order_id` (`order_id`),
  ADD KEY `product_id` (`product_id`);

--
-- Indeks untuk tabel `payments`
--
ALTER TABLE `payments`
  ADD PRIMARY KEY (`id`),
  ADD KEY `order_id` (`order_id`);

--
-- Indeks untuk tabel `products`
--
ALTER TABLE `products`
  ADD PRIMARY KEY (`id`),
  ADD KEY `FK_products_product_category` (`category_id`);

--
-- Indeks untuk tabel `product_category`
--
ALTER TABLE `product_category`
  ADD PRIMARY KEY (`id`);

--
-- Indeks untuk tabel `reviews`
--
ALTER TABLE `reviews`
  ADD PRIMARY KEY (`id`),
  ADD KEY `FK_reviews_users` (`user_id`),
  ADD KEY `FK_reviews_orders` (`order_id`);

--
-- Indeks untuk tabel `settings`
--
ALTER TABLE `settings`
  ADD PRIMARY KEY (`id`) USING BTREE;

--
-- Indeks untuk tabel `users`
--
ALTER TABLE `users`
  ADD PRIMARY KEY (`id`) USING BTREE,
  ADD UNIQUE KEY `users_email_unique` (`email`) USING BTREE;

--
-- AUTO_INCREMENT untuk tabel yang dibuang
--

--
-- AUTO_INCREMENT untuk tabel `contacts`
--
ALTER TABLE `contacts`
  MODIFY `id` int(10) NOT NULL AUTO_INCREMENT, AUTO_INCREMENT=3;

--
-- AUTO_INCREMENT untuk tabel `coupons`
--
ALTER TABLE `coupons`
  MODIFY `id` bigint(20) NOT NULL AUTO_INCREMENT, AUTO_INCREMENT=6;

--
-- AUTO_INCREMENT untuk tabel `customers`
--
ALTER TABLE `customers`
  MODIFY `id` bigint(20) NOT NULL AUTO_INCREMENT, AUTO_INCREMENT=10;

--
-- AUTO_INCREMENT untuk tabel `orders`
--
ALTER TABLE `orders`
  MODIFY `id` bigint(20) NOT NULL AUTO_INCREMENT, AUTO_INCREMENT=19;

--
-- AUTO_INCREMENT untuk tabel `order_items`
--
ALTER TABLE `order_items`
  MODIFY `id` bigint(20) NOT NULL AUTO_INCREMENT, AUTO_INCREMENT=6;

--
-- AUTO_INCREMENT untuk tabel `payments`
--
ALTER TABLE `payments`
  MODIFY `id` bigint(20) NOT NULL AUTO_INCREMENT, AUTO_INCREMENT=11;

--
-- AUTO_INCREMENT untuk tabel `products`
--
ALTER TABLE `products`
  MODIFY `id` bigint(20) NOT NULL AUTO_INCREMENT, AUTO_INCREMENT=20;

--
-- AUTO_INCREMENT untuk tabel `product_category`
--
ALTER TABLE `product_category`
  MODIFY `id` int(10) NOT NULL AUTO_INCREMENT, AUTO_INCREMENT=9;

--
-- AUTO_INCREMENT untuk tabel `reviews`
--
ALTER TABLE `reviews`
  MODIFY `id` bigint(20) NOT NULL AUTO_INCREMENT, AUTO_INCREMENT=5;

--
-- AUTO_INCREMENT untuk tabel `settings`
--
ALTER TABLE `settings`
  MODIFY `id` int(10) NOT NULL AUTO_INCREMENT, AUTO_INCREMENT=13;

--
-- AUTO_INCREMENT untuk tabel `users`
--
ALTER TABLE `users`
  MODIFY `id` bigint(20) UNSIGNED NOT NULL AUTO_INCREMENT, AUTO_INCREMENT=11;

--
-- Ketidakleluasaan untuk tabel pelimpahan (Dumped Tables)
--

--
-- Ketidakleluasaan untuk tabel `contacts`
--
ALTER TABLE `contacts`
  ADD CONSTRAINT `FK_contacts_contacts` FOREIGN KEY (`parent_id`) REFERENCES `contacts` (`id`) ON DELETE CASCADE ON UPDATE NO ACTION;

--
-- Ketidakleluasaan untuk tabel `customers`
--
ALTER TABLE `customers`
  ADD CONSTRAINT `FK_customers_users` FOREIGN KEY (`user_id`) REFERENCES `users` (`id`) ON DELETE NO ACTION ON UPDATE CASCADE;

--
-- Ketidakleluasaan untuk tabel `orders`
--
ALTER TABLE `orders`
  ADD CONSTRAINT `FK_orders_coupons` FOREIGN KEY (`coupon_id`) REFERENCES `coupons` (`id`) ON DELETE SET NULL ON UPDATE CASCADE,
  ADD CONSTRAINT `FK_orders_users` FOREIGN KEY (`user_id`) REFERENCES `users` (`id`) ON DELETE NO ACTION ON UPDATE CASCADE;

--
-- Ketidakleluasaan untuk tabel `order_items`
--
ALTER TABLE `order_items`
  ADD CONSTRAINT `order_items_ibfk_1` FOREIGN KEY (`order_id`) REFERENCES `orders` (`id`) ON DELETE CASCADE ON UPDATE NO ACTION,
  ADD CONSTRAINT `order_items_ibfk_2` FOREIGN KEY (`product_id`) REFERENCES `products` (`id`) ON DELETE CASCADE ON UPDATE NO ACTION;
COMMIT;

/*!40101 SET CHARACTER_SET_CLIENT=@OLD_CHARACTER_SET_CLIENT */;
/*!40101 SET CHARACTER_SET_RESULTS=@OLD_CHARACTER_SET_RESULTS */;
/*!40101 SET COLLATION_CONNECTION=@OLD_COLLATION_CONNECTION */;
